DRUG_COSMICID,pred_norm_cells_0,pred_norm_cells_1,pred_norm_cells_2,pred_norm_cells_3,pred_norm_cells_4,pred_norm_cells_5,pred_norm_cells_6,pred_norm_cells_7,pred_norm_cells_8,pred_norm_cells_9
346_687997,0.9997202,0.97444475,0.91548026,0.660016,0.50779694,0.3390293,0.30271813,0.24534151,0.2080621,0.18236841
180_908156,0.9997202,0.97354156,0.7766382,0.55693024,0.2526207,0.1221124,0.11087866,0.118018724,0.12638254,0.12378969
328_909704,0.9997202,0.9720754,0.87995356,0.6458262,0.4389579,0.3603147,0.26069945,0.20999044,0.20403327,0.20697398
194_753570,0.9997202,0.9742039,0.93190676,0.8786385,0.8055942,0.62986124,0.3346465,0.24192524,0.13815889,0.14678185
1015_971777,0.9997202,0.974618,0.881679,0.7872218,0.50617594,0.44237992,0.3539186,0.31101036,0.25761843,0.2508359
1026_1480367,0.9997202,0.97510123,0.849118,0.7476796,0.59826696,0.47313523,0.3457745,0.279562,0.19527604,0.19612677
200_687588,0.9997202,0.9742835,0.88106745,0.7680751,0.5226583,0.49110106,0.26958078,0.17225131,0.05031165,0.03389954
170_1330982,0.9997202,0.97022474,0.9218185,0.5688347,0.26944298,0.19826366,0.06443548,-0.020670064,-0.025185335,-0.027787963
83_713878,0.9997202,0.97516257,0.9284966,0.814219,0.69979274,0.56858456,0.41943562,0.353866,0.28681248,0.28848764
274_1240138,0.9997202,0.97171867,0.93201756,0.8413656,0.7007453,0.52988863,0.32425427,0.15521392,0.06592652,0.058689177
219_907281,0.9997202,0.9720617,0.94758517,0.8429549,0.6646291,0.4124509,0.22929017,0.1907066,0.2199068,0.1988892
1031_687505,0.9997202,0.9693191,0.9107295,0.8638899,0.729877,0.5807794,0.34065807,0.2856003,0.19269468,0.19182287
1031_910567,0.9997202,0.97359246,0.9069914,0.87355906,0.7103631,0.46479118,0.28916973,0.19329487,0.14707439,0.13135177
208_905939,0.9997202,0.9743425,0.9500972,0.8925944,0.8953595,0.69530886,0.40820003,0.26610202,0.227433,0.2234859
182_1290797,0.9997202,0.9755897,0.90950704,0.81157357,0.70562416,0.5819252,0.529033,0.17635569,0.037053723,0.031510804
9_908141,0.9997202,0.9737967,0.8729473,0.79389,0.6924759,0.6456352,0.43081903,0.1973833,0.056644656,0.055421527
272_906790,0.9997202,0.9758317,0.94890267,0.9291625,0.83010125,0.5572423,0.18723698,0.107188985,0.07048023,0.06420333
274_1330941,0.9997202,0.96975654,0.9191422,0.81978536,0.6773124,0.394151,0.22599159,0.15443668,0.11506513,0.111456
346_1240219,0.9997202,0.9763309,0.92840326,0.74659884,0.51412684,0.33152983,0.19211763,0.17701952,0.18916903,0.16306548
165_1240149,0.9997202,0.97428775,0.86041147,0.69067353,0.58004236,0.4556048,0.25670016,0.14485362,0.07190298,0.055307154
272_1480372,0.9997202,0.97368616,0.92795193,0.81031877,0.7351667,0.49723575,0.3674244,0.27657315,0.21580556,0.2186988
272_1298168,0.9997202,0.97392595,0.91784537,0.86076915,0.7432037,0.5111615,0.30093637,0.16735102,0.11938253,0.08494663
276_1240206,0.9997202,0.97422194,0.89810795,0.854548,0.6291429,0.47314927,0.27387974,0.13377675,0.07359257,0.06087333
180_1330985,0.9997202,0.97392756,0.9077658,0.8331971,0.67564726,0.38851652,0.21501492,0.15010819,0.13771118,0.12748294
328_907794,0.9997202,0.97057766,0.80677754,0.5278613,0.3244427,0.15931183,0.21448645,0.12618649,0.14267203,0.14060591
133_749713,0.9997202,0.9748254,0.91671103,0.83195364,0.74867284,0.5026759,0.25972897,0.152953,0.10614348,0.09137644
134_1240196,0.9997202,0.97466904,0.89881045,0.8047913,0.5328871,0.28704077,0.1694266,0.13337807,0.08988127,0.08407958
165_910849,0.9997202,0.9711129,0.80673313,0.6256915,0.54500616,0.5625697,0.5083361,0.38064396,0.07412794,0.0664327
182_684052,0.9997202,0.9739766,0.8723861,0.80625546,0.5071171,0.305018,0.27280536,0.115482785,0.053791918,0.03842512
87_906838,0.9997202,0.97400916,0.9179877,0.86370605,0.7774583,0.56651706,0.37489045,0.2868673,0.32208234,0.3261509
292_905965,0.9997202,0.97665364,0.89207584,0.8190708,0.70943147,0.56036204,0.3315641,0.1914316,0.06710522,0.055513836
283_687448,0.9997202,0.9769153,0.90799737,0.8373562,0.7650092,0.6342591,0.491836,0.39301452,0.3156758,0.28009695
308_1331036,0.9997202,0.9756662,0.89170957,0.8779501,0.70541495,0.3406834,0.19893302,0.092974685,-0.0011648664,-0.0061628027
268_1240131,0.9997202,0.96946496,0.87311816,0.6352639,0.42762727,0.27181536,0.21170816,0.12399576,0.06590827,0.057798423
200_924238,0.9997202,0.97161627,0.82836187,0.7633653,0.6230565,0.39219296,0.13559477,0.092821546,0.069184594,0.054222237
172_907322,0.9997202,0.9693317,0.9131128,0.86316603,0.90471697,0.63003147,0.29391226,0.1598401,0.06855118,0.058574077
180_910935,0.9997202,0.9731258,0.554064,0.2557564,0.14216177,0.090168595,0.04806974,0.064926475,0.055485778,0.058171347
53_907273,0.9997202,0.9728566,0.9327798,0.8836486,0.8309476,0.65188503,0.4891954,0.19565232,0.054930475,0.06492771
272_908465,0.9997202,0.97243065,0.8932556,0.83847266,0.67236024,0.5041708,0.2892977,0.17270872,0.11515114,0.090264246
276_1524416,0.9997202,0.9746043,0.9000959,0.8346866,0.69486415,0.52985257,0.32593498,0.13717541,0.07734116,0.06682345
300_909720,0.9997202,0.97464585,0.8146262,0.75549453,0.6579016,0.54057646,0.4234127,0.26525003,0.059864406,0.0557275
83_1327769,0.9997202,0.9755175,0.9119756,0.8266655,0.6792673,0.50638556,0.34592423,0.26364055,0.24632686,0.21257523
245_1331039,0.9997202,0.9758609,0.9454026,0.90439343,0.81978494,0.6958534,0.4782083,0.19520156,0.037294008,0.028438194
135_906824,0.9997202,0.97114456,0.6518242,0.40581554,0.3047217,0.28653827,0.25426668,0.22895151,0.22885004,0.23047322
173_910698,0.9997202,0.9734651,0.92997277,0.899434,0.7573025,0.50556463,0.36150515,0.25732493,0.1879396,0.17257802
274_907057,0.9997202,0.9738729,0.8644808,0.71500003,0.44743866,0.27743092,0.09180363,0.072956204,0.07426654,0.08063122
222_1331037,0.9997202,0.9756507,0.90522695,0.8024918,0.5277853,0.36725545,0.13502498,0.042323858,0.038317326,0.022504035
159_906800,0.9997202,0.9730879,0.906873,0.86778677,0.788182,0.53735554,0.30557704,0.14694943,0.100059696,0.09348383
302_1330972,0.9997202,0.9734687,0.88314426,0.7950602,0.6744286,0.5911126,0.47632307,0.2638077,0.24115832,0.23412833
344_909699,0.9997202,0.9735118,0.8856064,0.8302112,0.70289433,0.30394876,0.113368936,0.02598096,0.05097637,0.05525839
219_906790,0.9997202,0.974329,0.95622915,0.92242646,0.82180417,0.517458,0.17507698,0.19004978,0.23984602,0.25471628
200_1299061,0.9997202,0.9739436,0.90629846,0.7340493,0.42556876,0.27886888,0.11853815,0.06990134,0.040678564,0.033906855
176_909702,0.9997202,0.97157085,0.9445617,0.9110844,0.8684776,0.73786676,0.4665835,0.14007917,0.018865032,0.010543011
135_1303897,0.9997202,0.9750966,0.84727025,0.5648691,0.41816342,0.349959,0.34278828,0.33418614,0.3228429,0.29068893
1004_909696,0.9997202,0.97550875,0.9298258,0.8569695,0.65687793,0.40824378,0.30907565,0.24387746,0.19739527,0.18444088
300_908443,0.9997202,0.9728628,0.9169147,0.9013797,0.7177069,0.5387093,0.43869048,0.3189174,0.0845487,0.07550519
11_908151,0.9997202,0.9689743,0.9194815,0.8024364,0.6202168,0.36815882,0.20876375,0.19234812,0.19920701,0.2014473
308_906793,0.9997202,0.97664523,0.90490216,0.8185202,0.69873476,0.51170814,0.3472846,0.15051794,-0.0025210748,0.006398436
35_909717,0.9997202,0.9754417,0.94848704,0.935396,0.8965004,0.69803137,0.5543959,0.34699667,0.26982132,0.23305443
173_907066,0.9997202,0.9693075,0.92486644,0.92841506,0.8208381,0.64815223,0.3993501,0.25807947,0.19994369,0.17127542
180_753594,0.9997202,0.97176546,0.91303563,0.816689,0.6638338,0.32301423,0.17926408,0.13965076,0.13047656,0.12172132
201_910916,0.9997202,0.9715615,0.8676193,0.7446562,0.41561532,0.2591083,0.18042156,0.15091796,0.09623683,0.096861966
45_1331034,0.9997202,0.9749786,0.8841252,0.8345015,0.7380055,0.6927562,0.7284612,0.387783,0.048823196,0.045572028
268_908472,0.9997202,0.96981037,0.9362202,0.8316618,0.725471,0.38227612,0.26145095,0.19809256,0.120443344,0.076970935
200_1303901,0.9997202,0.97434765,0.89249545,0.79559076,0.3996329,0.17152989,0.078310005,0.049504377,0.04032235,0.03762911
35_910687,0.9997202,0.974846,0.93079203,0.87937856,0.71245706,0.58088386,0.43737867,0.27555588,0.19021887,0.16951224
170_906861,0.9997202,0.973449,0.8914661,0.88276523,0.6688847,0.48164138,0.123311095,0.16005358,0.025906043,0.026146997
170_1297446,0.9997202,0.96999055,0.93464833,0.91163194,0.63211155,0.32405958,0.16865732,0.02545083,0.02725919,0.033456784
200_906804,0.9997202,0.9727076,0.8701748,0.7917025,0.61782676,0.42651862,0.25701466,0.13298468,0.08394992,0.07040149
135_905983,0.9997202,0.9736092,0.78123987,0.5716641,0.3394185,0.20789135,0.22118446,0.19626583,0.14934582,0.13890697
165_909773,0.9997202,0.9721882,0.8979903,0.7795099,0.5854971,0.3903048,0.18585499,0.06334593,0.033517778,0.02966019
1149_687794,0.9997202,0.97640747,0.91873926,0.85889715,0.6909813,0.46233833,0.3548897,0.24792667,0.18839814,0.17969918
173_1247871,0.9997202,0.9740665,0.91721576,0.8867749,0.8097542,0.61891496,0.29414487,0.10410066,0.035233077,0.028780136
200_684057,0.9997202,0.97158587,0.89596766,0.64406556,0.33617774,0.1712259,0.09785112,0.057618603,0.048108123,0.040434703
182_753624,0.9997202,0.9760959,0.86844134,0.63854724,0.5110207,0.40119553,0.35242864,0.18604004,0.113357484,0.10626896
331_753586,0.9997202,0.9763049,0.87200075,0.7923024,0.5998468,0.48116913,0.383275,0.2738609,0.08197261,0.06201866
200_908118,0.9997202,0.97303474,0.92262185,0.8714451,0.70297617,0.25857028,0.111315444,0.081139445,0.018348586,0.012871714
273_909194,0.9997202,0.971424,0.8974261,0.8040661,0.6180036,0.39802068,0.22435069,0.090000115,0.053778205,0.048926122
328_687804,0.9997202,0.9747812,0.88879627,0.6526435,0.3656808,0.26193476,0.21482809,0.19129626,0.1570853,0.151128
299_907280,0.9997202,0.9708185,0.8264724,0.6730334,0.62091297,0.56359816,0.37354326,0.23314032,0.17923626,0.15508494
203_908444,0.9997202,0.97485983,0.8815133,0.80395037,0.7247527,0.67900103,0.41440943,0.27342564,0.1701943,0.14366075
273_906696,0.9997202,0.9719233,0.9232654,0.8164097,0.66438997,0.5242956,0.27886367,0.09161276,0.045258753,0.027173096
134_908159,0.9997202,0.97362685,0.9200586,0.7682768,0.55052924,0.34108064,0.22259794,0.15992963,0.13896383,0.12683043
276_1299075,0.9997202,0.9704981,0.8941127,0.85113287,0.6785051,0.55008173,0.3062819,0.13602665,0.067742325,0.06094005
136_909720,0.9997202,0.9730541,0.840315,0.70588017,0.60038966,0.47740254,0.3412468,0.16973454,0.0776408,0.06684197
1015_905989,0.9997202,0.9711097,0.8938964,0.84777075,0.7982235,0.7357351,0.5876202,0.43640175,0.35493168,0.35720852
200_1297447,0.9997202,0.9751537,0.9312279,0.8455238,0.62442845,0.3788149,0.14653918,0.07785935,0.055352394,0.046947263
180_907273,0.9997202,0.97226036,0.84703094,0.7593542,0.60314137,0.4084326,0.20573157,0.18366101,0.18479727,0.20144829
182_1240201,0.9997202,0.9728252,0.7923442,0.5259113,0.3866719,0.36845246,0.30090266,0.12949716,0.058349397,0.047150277
344_910853,0.9997202,0.9755356,0.89766556,0.6465047,0.5204827,0.14908288,0.06274365,0.034277264,0.026957292,0.033064466
328_907286,0.9997202,0.9762168,0.89701104,0.6927688,0.48730308,0.29865685,0.24970603,0.1948036,0.18179306,0.18753915
201_910944,0.9997202,0.97513825,0.9159084,0.7808857,0.5001474,0.4248578,0.31537762,0.17823607,0.126192,0.13303499
200_909744,0.9997202,0.9753852,0.91745675,0.8324695,0.64644563,0.39975607,0.1674055,0.10265491,0.049796112,0.042493314
140_1298167,0.9997202,0.9747721,0.9351115,0.93820995,0.56334317,0.3922466,0.2762768,0.25882035,0.12575048,0.11808817
1007_1290722,0.9997202,0.9746007,0.9490169,0.89303935,0.66976744,0.38892776,0.37184903,0.272837,0.2757112,0.2612023
1149_946367,0.9997202,0.9753254,0.8819253,0.88146174,0.7351227,0.48450574,0.40590563,0.27557236,0.17573777,0.15362678
180_909738,0.9997202,0.9742969,0.67244047,0.37643853,0.29822737,0.2826316,0.2182882,0.1763226,0.17142266,0.15642852
235_907313,0.9997202,0.97571576,0.91331637,0.8622457,0.7269555,0.5440122,0.3465309,0.22442967,0.060765848,0.050651643
252_905974,0.9997202,0.9738811,0.92468405,0.90370774,0.87528735,0.7892421,0.64248586,0.19287011,0.15784758,0.1467607
273_1240161,0.9997202,0.9710473,0.9437266,0.8553494,0.73833406,0.54251003,0.28633395,0.108362645,0.07920367,0.069450684
346_906824,0.9997202,0.97195584,0.8491112,0.59728163,0.35053974,0.31696668,0.18154848,0.13599607,0.11814025,0.10363493
235_908129,0.9997202,0.97236943,0.91403365,0.8356486,0.71588427,0.62378246,0.47498658,0.34447077,0.16712798,0.15264907
276_1299062,0.9997202,0.97483987,0.9030514,0.82866645,0.6259599,0.45649707,0.2587786,0.11038105,0.09202371,0.07809113
41_909260,0.9997202,0.9724533,0.9519821,0.934361,0.92396986,0.8221397,0.48427212,0.26540267,0.22778751,0.205347
179_905947,0.9997202,0.9729251,0.876942,0.7664247,0.5808343,0.4622288,0.38013342,0.35826567,0.32473186,0.29311395
230_906870,0.9997202,0.9733296,0.78796446,0.6704634,0.4612461,0.35673335,0.32556105,0.24968782,0.16457036,0.16031018
273_909758,0.9997202,0.9734046,0.9379316,0.8989623,0.86639696,0.7373909,0.54866254,0.16845274,0.060400847,0.044611774
83_1331039,0.9997202,0.9759558,0.911787,0.7850049,0.65153146,0.49762115,0.3746208,0.30688888,0.30023235,0.28902295
87_909762,0.9997202,0.97564757,0.9304813,0.8804926,0.7822938,0.5724788,0.32093838,0.2249596,0.21282147,0.21171781
328_1240168,0.9997202,0.97531444,0.9220762,0.88030434,0.7713052,0.5242336,0.2699843,0.18369223,0.16747458,0.1602767
60_910934,0.9997202,0.9749373,0.9249809,0.8569112,0.7749465,0.5684959,0.2777053,0.20903249,0.12263822,0.11772472
45_683665,0.9997202,0.9712604,0.92847955,0.84550035,0.7411647,0.7117115,0.7557744,0.5300349,0.07541005,0.06440908
344_1240220,0.9997202,0.97467166,0.8940702,0.8366626,0.6899579,0.39263767,0.11477231,0.035378803,0.0514135,0.047434803
201_1330984,0.9997202,0.9759382,0.8363462,0.71191114,0.46931314,0.3335609,0.18780236,0.13466133,0.089425705,0.08766563
229_949153,0.9997202,0.9763182,0.90012985,0.8237272,0.66634154,0.3592592,0.17385663,0.08712742,0.03747426,0.03907406
178_906856,0.9997202,0.9718513,0.89414847,0.84270924,0.7479338,0.66093624,0.46315005,0.33144504,0.24796043,0.24691072
182_924248,0.9997202,0.97378975,0.89156115,0.74549747,0.5684478,0.45829493,0.36116752,0.18940102,0.068277374,0.05994468
273_906844,0.9997202,0.9706383,0.92759436,0.7830589,0.6291935,0.37213644,0.21310669,0.11393692,0.07331006,0.07947487
1031_1240192,0.9997202,0.97456896,0.92246604,0.7935873,0.6254307,0.46217602,0.26317778,0.16092746,0.100400545,0.10258627
301_908452,0.9997202,0.9747776,0.9299224,0.9183716,0.86085093,0.8389376,0.56187475,0.31325412,0.19684438,0.16567136
331_1247873,0.9997202,0.97375506,0.9567313,0.92766434,0.7787944,0.7149641,0.4715564,0.33507052,0.2375603,0.21865116
308_1240173,0.9997202,0.97589004,0.9338278,0.92571265,0.8588655,0.74728894,0.5835393,0.37046868,0.04585472,0.039989404
344_910935,0.9997202,0.9739883,0.8622129,0.7528623,0.5819176,0.1482908,0.02776071,0.0019403901,-0.0072836247,-0.0010835596
274_905982,0.9997202,0.9745489,0.89471817,0.7703143,0.5356516,0.33461368,0.22014809,0.18353257,0.07191299,0.064476855
200_1303900,0.9997202,0.9717461,0.92429423,0.8194114,0.5932431,0.3441514,0.085118726,0.062991,0.05554817,0.047009926
328_910922,0.9997202,0.9746946,0.89431995,0.78131676,0.6221552,0.4398026,0.3254963,0.2961129,0.27933434,0.285425
346_1331039,0.9997202,0.97622925,0.925833,0.5306961,0.31723034,0.23227294,0.16081823,0.118950926,0.105803564,0.10327505
35_1323913,0.9997202,0.9745282,0.93602675,0.8861585,0.77641076,0.6686218,0.4668785,0.2805938,0.14501622,0.1239982
273_753616,0.9997202,0.9722596,0.9541938,0.8937862,0.8160345,0.69239587,0.4281567,0.27817336,0.2380863,0.22449504
182_687588,0.9997202,0.97433925,0.8906373,0.6226377,0.48437685,0.420341,0.27902445,0.15324093,0.037276026,0.022462953
1003_908130,0.9997202,0.96942073,0.8958127,0.77626723,0.6171353,0.48148638,0.34269154,0.2337089,0.17521071,0.16467191
257_749711,0.9997202,0.9736091,0.9521156,0.9256196,0.87820035,0.84675467,0.6654452,0.35580742,0.14877145,0.14654289
1003_910700,0.9997202,0.9752113,0.8415459,0.7532082,0.6445954,0.4293425,0.3352266,0.2712063,0.16060795,0.1328392
170_1331039,0.9997202,0.97470266,0.8998272,0.8002238,0.6214087,0.34298512,0.20506795,0.046003327,0.029518073,0.025043212
219_908443,0.9997202,0.9721728,0.92032623,0.8710648,0.6804731,0.47342286,0.36710134,0.3101235,0.21552919,0.22632214
256_909773,0.9997202,0.9742125,0.933265,0.8795406,0.75714165,0.5582422,0.38244405,0.18789199,0.041947726,0.03996151
235_905950,0.9997202,0.9759511,0.8581637,0.8463432,0.7345182,0.6216148,0.46852875,0.31886658,0.20339754,0.18243578
272_1240183,0.9997202,0.97582996,0.9432544,0.9010295,0.8038928,0.6676793,0.47692165,0.3120963,0.16022094,0.14250669
180_907061,0.9997202,0.97240406,0.76863223,0.54197806,0.41090634,0.28785697,0.282095,0.21680109,0.1875304,0.18403134
170_907322,0.9997202,0.96886855,0.9115248,0.83951765,0.85956836,0.5029874,0.09985683,0.03178842,0.021482615,0.023701744
272_949157,0.9997202,0.97331446,0.94070095,0.8533708,0.7009635,0.50668716,0.34073755,0.20503633,0.16214447,0.13183846
301_1240166,0.9997202,0.9757171,0.91640276,0.8396997,0.7455136,0.65067935,0.44922966,0.2101273,0.123592354,0.11637439
1014_906696,0.9997202,0.9744553,0.8075133,0.6487586,0.4240422,0.3521812,0.2587058,0.17528243,0.1299126,0.109715514
45_905965,0.9997202,0.9753695,0.8927781,0.8207663,0.8031778,0.7557705,0.70776415,0.34433454,0.06657779,0.050811104
1149_930301,0.9997202,0.9762359,0.93714327,0.8245399,0.68574977,0.4799545,0.37186098,0.26403195,0.17405523,0.19042748
159_1331036,0.9997202,0.97512704,0.8928988,0.8486379,0.6847476,0.54649377,0.27295664,0.1311653,0.08625805,0.082779005
170_907066,0.9997202,0.9686784,0.94231653,0.92938983,0.7866089,0.39807934,0.21222855,0.11919544,0.06416382,0.073314615
178_905950,0.9997202,0.9720211,0.84376174,0.86292815,0.8505631,0.7554052,0.56375474,0.37864718,0.3186443,0.28884703
135_753585,0.9997202,0.97380555,0.88588905,0.6464158,0.54608315,0.3068245,0.3261726,0.33575377,0.29735687,0.2813506
328_1240142,0.9997202,0.97795236,0.922833,0.74310863,0.54302555,0.37266943,0.28978232,0.25252578,0.22771625,0.21356216
164_909702,0.9997202,0.9736771,0.9376459,0.82897073,0.6932284,0.5061093,0.26108047,0.14680862,0.084616855,0.061475944
133_722058,0.9997202,0.97479254,0.84322625,0.72502565,0.57337993,0.41588536,0.3083673,0.22623782,0.11119451,0.08276374
273_907279,0.9997202,0.9710395,0.9135538,0.83437055,0.73491096,0.5819974,0.35513175,0.1915773,0.10023635,0.08029492
283_1660034,0.9997202,0.9714123,0.8968443,0.79350287,0.6814174,0.609288,0.49165347,0.48581946,0.39214283,0.3560587
178_907274,0.9997202,0.9716068,0.95186275,0.9007353,0.85453457,0.709692,0.60406655,0.43967178,0.3332585,0.3274068
1149_1298145,0.9997202,0.9746851,0.9409611,0.877498,0.75377923,0.5379282,0.40792087,0.38436,0.13684347,0.12551185
170_909735,0.9997202,0.9643431,0.81606233,0.86253357,0.4248063,0.23539416,0.11381672,0.07185515,0.04424493,0.03813501
274_907058,0.9997202,0.97436196,0.9233569,0.81331307,0.61926216,0.43375096,0.25529802,0.16378877,0.11566468,0.104530364
180_905983,0.9997202,0.97339314,0.6804445,0.2166894,0.14682195,0.12413543,0.14147498,0.1232937,0.09359259,0.077016294
229_905962,0.9997202,0.9773348,0.91236174,0.8406892,0.76110613,0.6476364,0.32896507,0.17043899,0.096908584,0.10043882
1004_946361,0.9997202,0.9768702,0.8847612,0.8262624,0.69708526,0.40618908,0.24849248,0.18699984,0.17332768,0.15940583
201_1290725,0.9997202,0.9763468,0.8780621,0.77066094,0.54116917,0.4429264,0.34606463,0.286922,0.19356486,0.19511923
176_907274,0.9997202,0.9719025,0.9682112,0.9034461,0.8879333,0.79634076,0.6745051,0.29795364,0.05216924,0.03840923
41_946354,0.9997202,0.9722777,0.9231592,0.9154188,0.8824302,0.77654266,0.4066454,0.20802939,0.13977543,0.12973136
87_1330983,0.9997202,0.97513175,0.9022907,0.8421925,0.7281237,0.4457285,0.27453104,0.19472678,0.21678737,0.20243111
1036_906793,0.9997202,0.9760267,0.85035616,0.6374527,0.465052,0.3797846,0.2592963,0.18597469,0.15117177,0.14851366
275_910706,0.9997202,0.97585064,0.8916943,0.723999,0.6309981,0.44250792,0.25363982,0.21187176,0.14430533,0.13326192
272_905936,0.9997202,0.96822023,0.9470648,0.78968906,0.47738528,0.2480577,0.12979075,0.03721279,0.01979911,0.025557153
140_724859,0.9997202,0.9749923,0.94767094,0.8988196,0.73959404,0.57589585,0.47044092,0.25356144,0.20361343,0.2037485
273_910568,0.9997202,0.97114056,0.92221844,0.8608855,0.8155808,0.75511575,0.5915783,0.19921632,0.08178533,0.07091556
1057_949156,0.9997202,0.97253895,0.9206066,0.857586,0.7543042,0.6171338,0.36936095,0.26712176,0.18292834,0.15484124
140_925340,0.9997202,0.96998554,0.8140188,0.68024814,0.4937817,0.40926528,0.27480733,0.26905677,0.3243632,0.31380847
56_946356,0.9997202,0.97574383,0.92675805,0.83315355,0.53408414,0.48253372,0.35905612,0.30475706,0.20551544,0.20051165
276_908454,0.9997202,0.97391826,0.8862423,0.84293467,0.66549385,0.40051368,0.13798843,0.07853862,0.0688728,0.0675073
308_753538,0.9997202,0.9751241,0.93874866,0.9391852,0.83681756,0.7191048,0.52152973,0.2661316,0.049331557,0.045412112
219_753535,0.9997202,0.97250754,0.9311481,0.84372747,0.7561558,0.44193268,0.3147482,0.22928402,0.21183473,0.22221696
300_905991,0.9997202,0.97554076,0.8949278,0.78683347,0.65808535,0.52410716,0.33841652,0.19157839,0.13106582,0.13283178
235_1240215,0.9997202,0.975918,0.9234888,0.84999865,0.70845914,0.59019315,0.38141364,0.2307587,0.063061744,0.054448966
219_1290768,0.9997202,0.9726417,0.91629237,0.8413938,0.7045576,0.5281698,0.2820486,0.19327995,0.16946669,0.15911208
302_949154,0.9997202,0.9695484,0.8840104,0.8706925,0.7526282,0.56732386,0.49821046,0.40324658,0.347684,0.32890657
219_905981,0.9997202,0.9723778,0.9093488,0.7929877,0.5873814,0.36057127,0.24209644,0.20599958,0.19002947,0.1794758
229_1524418,0.9997202,0.9734738,0.80675125,0.8596432,0.66873413,0.37585366,0.27791715,0.2820805,0.16681577,0.14541188
38_1295740,0.9997202,0.97561705,0.8994437,0.8275607,0.6319994,0.40223724,0.21838959,0.10154649,0.06566869,0.048364077
135_910704,0.9997202,0.97153556,0.8153168,0.57755363,0.38564572,0.3018941,0.21496508,0.1882576,0.23209402,0.21081859
163_909753,0.9997202,0.9766233,0.8685356,0.8584438,0.71642977,0.62660944,0.40471828,0.4186231,0.3261941,0.3112785
276_946373,0.9997202,0.9741832,0.91577375,0.84637976,0.76221293,0.68091893,0.4313537,0.16656162,0.07655186,0.06102559
172_910919,0.9997202,0.9727276,0.9250714,0.86480284,0.76970553,0.5855774,0.357304,0.16930678,0.025573023,0.014814213
135_749717,0.9997202,0.971697,0.8148981,0.51867145,0.4238248,0.29913932,0.28436494,0.29137722,0.22969891,0.23814312
219_924104,0.9997202,0.9731678,0.9113972,0.8410285,0.6253468,0.32303837,0.21926217,0.17773812,0.15163182,0.15778682
170_909260,0.9997202,0.9705497,0.9347452,0.9020474,0.65217006,0.37066072,0.069707595,0.01242728,0.005828947,-0.0069399653
41_908483,0.9997202,0.9730716,0.9567189,0.9235873,0.89022785,0.79295975,0.47151446,0.28029737,0.25218582,0.24364094
309_906763,0.9997202,0.9649476,0.9131981,0.77818793,0.59522974,0.39034507,0.19196148,0.071673505,0.034980636,0.032148827
219_906872,0.9997202,0.97305566,0.91443795,0.80874777,0.70631874,0.47196874,0.27996954,0.26222938,0.22674151,0.2292951
170_1303897,0.9997202,0.9742012,0.92746955,0.8857101,0.7025382,0.24170981,0.1627752,0.0950774,0.07229907,0.054680426
200_910942,0.9997202,0.9747318,0.85170555,0.5509592,0.23122692,0.17347915,0.0878654,0.07616449,0.057568558,0.06444703
173_946353,0.9997202,0.9744834,0.90288705,0.8626302,0.72406167,0.5255826,0.40271473,0.21761331,0.19938326,0.17530683
170_1330947,0.9997202,0.972045,0.9368152,0.851731,0.70437455,0.5016499,0.32934308,0.014480637,-0.004473979,-0.005745688
274_1240149,0.9997202,0.97419834,0.87989116,0.74351126,0.43012336,0.25359428,0.11789407,0.07210183,0.06516743,0.054885447
170_1240143,0.9997202,0.97390795,0.8824547,0.8471388,0.8121086,0.77955014,0.41291493,0.105592795,0.073495746,0.07855318
305_1322218,0.9997202,0.9752423,0.90395325,0.8431973,0.7331231,0.5882078,0.43378487,0.32440162,0.19478759,0.19295083
274_905947,0.9997202,0.97293675,0.8910398,0.7196343,0.47621256,0.2805366,0.13296562,0.08104194,0.07415384,0.06814476
180_905939,0.9997202,0.9752057,0.81240475,0.4404573,0.265659,0.16352677,0.18291804,0.17726353,0.15913077,0.15484801
283_910926,0.9997202,0.9751533,0.9046059,0.8740561,0.7459864,0.6266754,0.53937066,0.42570946,0.3314961,0.28167284
163_688121,0.9997202,0.9753016,0.8925506,0.82725674,0.7565434,0.66482997,0.4779891,0.41436586,0.2528225,0.25043833
180_910924,0.9997202,0.96841073,0.8533365,0.67220503,0.43882844,0.4320532,0.29408452,0.27079934,0.2807703,0.28592595
293_908481,0.9997202,0.97540843,0.9330985,0.84009993,0.7411274,0.52907306,0.4146888,0.3471684,0.19970562,0.21085164
167_908451,0.9997202,0.97491366,0.9274491,0.87350583,0.7692357,0.63981783,0.44131958,0.40809792,0.084865175,0.08006484
53_1297449,0.9997202,0.9698148,0.9517931,0.8889615,0.8781384,0.7813379,0.5757786,0.20715591,0.1200833,0.11662665
272_949174,0.9997202,0.97366893,0.60154355,0.48723713,0.42698792,0.43100643,0.30275598,0.13728845,0.08202617,0.06996702
302_905972,0.9997202,0.97408986,0.9081519,0.82854563,0.7075305,0.6040882,0.46096995,0.37588707,0.36871704,0.35396254
180_905933,0.9997202,0.97369504,0.77530867,0.55485296,0.4698113,0.30737716,0.24848166,0.2896518,0.17490564,0.17002039
276_924186,0.9997202,0.975031,0.88877803,0.77783215,0.6758238,0.5061231,0.31079692,0.14383951,0.059471983,0.05577778
180_908450,0.9997202,0.97461337,0.830346,0.6675267,0.41072503,0.37035164,0.346444,0.4324616,0.31116667,0.294819
275_1295740,0.9997202,0.9740497,0.8915124,0.80971885,0.6690575,0.43413147,0.2408052,0.18157515,0.15133165,0.12808655
201_909744,0.9997202,0.9764295,0.9374579,0.87684506,0.7205045,0.572741,0.37932363,0.29703346,0.09832395,0.08721716
163_1290455,0.9997202,0.9734335,0.9345938,0.859718,0.73508227,0.6051743,0.26721662,0.5401715,0.12897852,0.12779452
201_924102,0.9997202,0.9752068,0.85917556,0.60545015,0.37153488,0.35053724,0.2846989,0.19220644,0.1373924,0.1307656
1060_1287706,0.9997202,0.97403723,0.67500526,0.33437246,0.33620876,0.2609387,0.20830673,0.16258937,0.14510809,0.13930489
200_998189,0.9997202,0.9711738,0.86400497,0.69752675,0.557391,0.40257725,0.27898464,0.22132316,0.10125491,0.11389298
328_1503368,0.9997202,0.97496134,0.89688,0.61368716,0.4117803,0.31911674,0.2528568,0.27376723,0.24082991,0.25577128
182_908149,0.9997202,0.97313714,0.8709763,0.7135948,0.5638465,0.43755844,0.35216206,0.18760842,0.06848326,0.052661035
245_1295740,0.9997202,0.9752001,0.908177,0.87290615,0.83493257,0.73473895,0.5246719,0.15281537,-0.005984274,-0.014171675
276_687985,0.9997202,0.9733026,0.8976315,0.7426274,0.5287102,0.4523639,0.19914678,0.122876644,0.042657662,0.035765156
272_907786,0.9997202,0.97295016,0.89186627,0.7892053,0.5691222,0.4720053,0.1981636,0.0952618,0.05875073,0.05799517
268_1240125,0.9997202,0.9710642,0.8766545,0.7332565,0.5561344,0.4567839,0.3158816,0.1254787,0.04474385,0.027158778
257_907786,0.9997202,0.9729444,0.9340506,0.88142186,0.70079607,0.5954118,0.33565623,0.14982001,0.089915134,0.084072456
273_905985,0.9997202,0.97284144,0.9507851,0.90474474,0.8147729,0.7103633,0.4915105,0.18550937,0.07175803,0.060779896
273_910687,0.9997202,0.9718165,0.9508867,0.82909214,0.59731174,0.26684016,0.23413692,0.10564158,0.040429033,0.031342287
1149_687459,0.9997202,0.9753354,0.9317758,0.83284336,0.6536856,0.5352671,0.3468788,0.26280642,0.20305063,0.18318248
276_910687,0.9997202,0.97425914,0.9187525,0.7183716,0.3205834,0.13119559,0.19204812,0.050546065,0.022764308,0.019316493
272_907791,0.9997202,0.97155756,0.92969674,0.8111853,0.5933918,0.34507838,0.22531615,0.08115059,0.042097993,0.023846189
1006_1330933,0.9997202,0.97428256,0.84786946,0.62293655,0.538005,0.31766903,0.22942232,0.18144518,0.123565145,0.12518692
273_905977,0.9997202,0.97145855,0.89075994,0.84673417,0.71039593,0.6062285,0.36726633,0.18216643,0.095868014,0.08496183
229_907280,0.9997202,0.97264344,0.9228233,0.8935891,0.7717972,0.631842,0.42752203,0.26452133,0.12760922,0.12463896
305_1330982,0.9997202,0.9718276,0.9100648,0.7899859,0.6489154,0.44756907,0.26644894,0.1258117,0.09550176,0.08870062
182_910942,0.9997202,0.97485447,0.7910491,0.44886526,0.29791528,0.26480386,0.24556921,0.15146701,0.07460998,0.07727668
1054_907277,0.9997202,0.97313005,0.90364033,0.72555274,0.5328008,0.36466753,0.25441366,0.26883087,0.247426,0.25436231
104_749711,0.9997202,0.9718904,0.9421741,0.9129655,0.8513923,0.8338431,0.5871787,0.24288769,0.049235046,0.038711995
219_1503366,0.9997202,0.9695346,0.9248488,0.8467768,0.6716199,0.4002241,0.38293558,0.22037357,0.2548246,0.26117325
1007_1240121,0.9997202,0.9738552,0.9388787,0.7769384,0.5851586,0.3930836,0.28992212,0.21001048,0.15427965,0.1460394
274_905983,0.9997202,0.9744763,0.6877145,0.5151808,0.3225481,0.19393916,0.12491079,0.068908125,0.0372589,0.026205173
276_909256,0.9997202,0.9735577,0.9290247,0.82764167,0.52555877,0.35165423,0.18225089,0.120812856,0.041179374,0.03728538
274_905963,0.9997202,0.9748688,0.874418,0.7717267,0.57438356,0.34439054,0.19381686,0.095416754,0.09025672,0.07716684
1031_905959,0.9997202,0.9725139,0.8902572,0.795453,0.68324065,0.42815426,0.2793512,0.16908844,0.12736633,0.1266651
133_909703,0.9997202,0.9678853,0.88704306,0.7081264,0.3705215,0.15456782,0.14809251,0.116579555,0.07060674,0.06257017
328_907319,0.9997202,0.9759366,0.9137743,0.67730933,0.515926,0.3688718,0.30876195,0.23130177,0.23536749,0.22564147
272_753538,0.9997202,0.9724776,0.92732275,0.8509479,0.7212631,0.46608743,0.27347937,0.13018624,0.087541595,0.0751766
328_910710,0.9997202,0.9761654,0.9125825,0.74878514,0.43073705,0.28878453,0.25699496,0.21156314,0.12098245,0.12838668
328_910916,0.9997202,0.9712715,0.90985185,0.76135856,0.5805008,0.24208894,0.13113852,0.1387444,0.14342393,0.13930693
53_1331039,0.9997202,0.9761017,0.93546647,0.8578886,0.7801183,0.6913905,0.547552,0.2038879,0.12375212,0.12194571
136_908473,0.9997202,0.9757388,0.88196695,0.82883835,0.6750062,0.50798,0.36652133,0.23160824,0.1043556,0.08798273
219_753584,0.9997202,0.96954644,0.9260413,0.8205383,0.78577936,0.7225863,0.2732885,0.2264514,0.19137456,0.16626957
273_1503361,0.9997202,0.9702708,0.85811466,0.74702656,0.7140629,0.57251734,0.33257955,0.20281367,0.11974767,0.11522439
330_910688,0.9997202,0.9735588,0.91903144,0.8751321,0.73538893,0.58851427,0.34126994,0.23510654,0.07302522,0.051909804
1021_907783,0.9997202,0.97343403,0.867372,0.7290467,0.52323335,0.40145957,0.22183335,0.1501619,0.09454926,0.093650214
274_924187,0.9997202,0.9728712,0.9062366,0.7962564,0.6409401,0.4388423,0.30714282,0.20267643,0.15741105,0.14702511
328_1660034,0.9997202,0.9718621,0.91044605,0.73981005,0.5172186,0.35874557,0.31713897,0.2965163,0.26363972,0.27431038
140_909743,0.9997202,0.9728397,0.9578727,0.89625114,0.7263917,0.52057415,0.36077508,0.2422386,0.19930707,0.20472124
170_1290922,0.9997202,0.9717955,0.8563035,0.8824448,0.8201214,0.48437843,0.1072416,0.051711325,0.04043084,0.041687764
45_1330985,0.9997202,0.97471124,0.95921075,0.94029474,0.9117775,0.8332403,0.74171656,0.36567655,0.09657848,0.09164301
272_1298362,0.9997202,0.97220355,0.8808248,0.8335055,0.65138555,0.49302253,0.3772738,0.20274284,0.081679024,0.07307578
268_906837,0.9997202,0.9692088,0.81221104,0.5085593,0.1671006,0.114585616,0.06820073,0.046194445,0.024856726,0.042015232
276_907273,0.9997202,0.97348285,0.9219384,0.8637558,0.57351965,0.22576131,0.0756795,0.027386602,0.03005792,0.02548259
83_909717,0.9997202,0.97529316,0.9194911,0.8731736,0.8020644,0.59437996,0.48020592,0.3444259,0.32173076,0.2882556
273_688025,0.9997202,0.9710446,0.9582964,0.8804164,0.8454372,0.6820318,0.34293544,0.1444596,0.092246175,0.092517376
190_906856,0.9997202,0.9765245,0.86200005,0.6356256,0.44729653,0.2598677,0.17364733,0.12927254,0.09550166,0.0775819
223_905955,0.9997202,0.97471434,0.9025067,0.8248508,0.75630504,0.579856,0.43949205,0.39005873,0.31209296,0.30842185
45_905984,0.9997202,0.9737589,0.91755754,0.8702947,0.8006103,0.69243765,0.75374424,0.572654,0.07354894,0.058692947
1149_907169,0.9997202,0.97142726,0.90498626,0.8830157,0.67291665,0.3492066,0.24090594,0.1766567,0.2105745,0.18748914
276_909703,0.9997202,0.96674335,0.84252125,0.5692848,0.19497283,0.11053604,0.09591238,0.0668244,0.04104785,0.03369547
344_946361,0.9997202,0.97625536,0.86723465,0.7957428,0.64794636,0.3093243,0.16837746,0.051880356,0.07175991,0.066086754
159_907055,0.9997202,0.97684383,0.8294262,0.6956017,0.80236113,0.52729774,0.25022957,0.16962469,0.13737504,0.1263566
235_1331038,0.9997202,0.97549355,0.91224456,0.75584924,0.53665686,0.43869552,0.27543116,0.16331989,0.050363153,0.04090276
133_907169,0.9997202,0.9710225,0.88296235,0.7419371,0.6083701,0.3549084,0.2170757,0.160645,0.18765827,0.16037945
308_1327771,0.9997202,0.97578573,0.92532235,0.8253583,0.56282246,0.34698406,0.20614369,0.1423366,0.041380998,0.039685052
328_907279,0.9997202,0.97458786,0.8556367,0.61769235,0.42756152,0.30987376,0.22166371,0.1948757,0.18809521,0.19150507
104_906847,0.9997202,0.971309,0.91598636,0.85612935,0.81851786,0.75479954,0.4199652,0.13954362,0.049337626,0.037130594
252_1330950,0.9997202,0.9742179,0.869928,0.77538484,0.624014,0.3961497,0.2100275,0.10868603,0.04166526,0.035797425
219_905971,0.9997202,0.9737493,0.95382965,0.91915953,0.7615633,0.4916207,0.35734645,0.29974577,0.27312082,0.30239022
184_687804,0.9997202,0.9745914,0.90217036,0.79087263,0.6385619,0.5898365,0.560295,0.4457699,0.13846844,0.13110487
328_1290455,0.9997202,0.9750059,0.8891819,0.6405777,0.4334168,0.33909005,0.10209547,0.14554554,0.10627499,0.11812443
235_1295740,0.9997202,0.975809,0.90209556,0.81252474,0.63338614,0.43745708,0.1764741,0.0680043,0.017522853,0.016455142
157_924240,0.9997202,0.9766041,0.8873707,0.81361073,0.8169077,0.81364524,0.54626745,0.38966742,0.26560482,0.25696924
275_906870,0.9997202,0.97412485,0.8201824,0.7519285,0.58488655,0.42314935,0.30447698,0.268872,0.17577317,0.16360718
157_907044,0.9997202,0.9763057,0.91571915,0.8411048,0.8135065,0.76481134,0.38738978,0.18923551,0.08200879,0.07011712
252_753624,0.9997202,0.97628146,0.9182865,0.8590915,0.78850746,0.67623675,0.49715772,0.25414592,0.17421341,0.16008644
170_949170,0.9997202,0.97403735,0.90749073,0.8518991,0.75254846,0.6718524,0.59485406,0.2628124,0.047607586,0.034246434
178_907268,0.9997202,0.9705611,0.9070613,0.84491974,0.76957524,0.6976243,0.5352647,0.41728058,0.29292318,0.29285485
185_905971,0.9997202,0.9752922,0.9464097,0.9258353,0.82892394,0.7391813,0.5495708,0.440826,0.28492418,0.2677625
173_753621,0.9997202,0.97558135,0.9491676,0.9257794,0.8343244,0.65501076,0.5156923,0.2757259,0.22271611,0.2019574
1006_1330994,0.9997202,0.97206974,0.8460242,0.6402937,0.58924204,0.3391926,0.22731887,0.18108217,0.13311623,0.13042033
60_905958,0.9997202,0.9756675,0.96242034,0.9372524,0.85530424,0.63804454,0.1933006,0.12204794,0.025098585,0.026399782
1050_908451,0.9997202,0.97439194,0.9464819,0.88607246,0.76512843,0.6746967,0.49067998,0.38274008,0.2866808,0.26997277
60_753621,0.9997202,0.97614,0.96040857,0.91217786,0.80876464,0.49368244,0.31750417,0.16084298,0.1269777,0.11501155
293_1331034,0.9997202,0.97626793,0.8360311,0.76974916,0.49422118,0.3685638,0.2409329,0.11040713,0.06502876,0.058704983
176_908158,0.9997202,0.9689066,0.9175572,0.88883436,0.8350014,0.66115856,0.3859353,0.14380427,0.071712285,0.053624816
136_1298219,0.9997202,0.972964,0.8697839,0.7530097,0.6787182,0.48444057,0.41702062,0.23830476,0.10136191,0.09275165
276_924151,0.9997202,0.97407585,0.90788674,0.82290804,0.58754486,0.37984776,0.25130004,0.122617185,0.061575457,0.04600823
305_1330935,0.9997202,0.9751644,0.9039703,0.8186322,0.6853103,0.5189489,0.37268463,0.2692731,0.17896372,0.16971536
1012_949153,0.9997202,0.9750067,0.8892487,0.7732566,0.5256409,0.30985022,0.10341708,0.05283948,0.05554669,0.05550731
299_905985,0.9997202,0.97449255,0.87509555,0.79299176,0.6592667,0.5753815,0.43090287,0.2845808,0.1850761,0.16939546
273_907792,0.9997202,0.9739414,0.9535852,0.9092985,0.8784377,0.70626277,0.5131664,0.15762144,0.076158665,0.05838573
200_1290725,0.9997202,0.97528726,0.9055164,0.8181723,0.6050697,0.4651137,0.22538094,0.14093837,0.08729303,0.067617044
272_905969,0.9997202,0.9763095,0.9196444,0.82608837,0.56560457,0.4305405,0.29353288,0.16038235,0.102527246,0.090022296
265_906856,0.9997202,0.9744638,0.9356804,0.8458487,0.71641046,0.5363338,0.2519397,0.19119422,0.09300237,0.08476377
200_905939,0.9997202,0.97662175,0.89332724,0.6908362,0.41346282,0.22071558,0.1143827,0.08155111,0.062085226,0.05491268
328_907061,0.9997202,0.9741684,0.9267602,0.81110066,0.6460425,0.35602474,0.3109821,0.24675402,0.20990877,0.20310175
273_753547,0.9997202,0.9737924,0.9267289,0.820328,0.8087805,0.6842606,0.430006,0.25276446,0.16018966,0.15024802
274_910911,0.9997202,0.97570723,0.87936646,0.80435646,0.647656,0.45613712,0.25785807,0.10188372,0.059987452,0.051109955
200_908143,0.9997202,0.96950483,0.86338645,0.7256976,0.49273542,0.39240897,0.27439272,0.23420823,0.15345272,0.14701122
328_1503362,0.9997202,0.976282,0.850576,0.59040654,0.42775822,0.33806705,0.27022383,0.21623076,0.24597342,0.25000077
1022_910851,0.9997202,0.97619337,0.9445052,0.9222579,0.8729836,0.65524673,0.46801302,0.31286612,0.21041769,0.19098459
194_909735,0.9997202,0.96689075,0.830061,0.8210369,0.67083544,0.49486983,0.25328904,0.19967616,0.13687928,0.12091817
200_713899,0.9997202,0.97414017,0.9070685,0.5556502,0.35969982,0.21459033,0.088420056,0.043153506,0.028729375,0.020667182
135_910852,0.9997202,0.9749122,0.86303097,0.81528455,0.6643816,0.6331696,0.41604155,0.295367,0.22755286,0.23009866
308_910695,0.9997202,0.97719467,0.924387,0.9182896,0.8172586,0.7301002,0.5658738,0.21615018,0.067489244,0.044031575
135_1330947,0.9997202,0.97345936,0.88386786,0.6020641,0.3382639,0.22995113,0.21521184,0.16581276,0.16346084,0.1554533
200_1240160,0.9997202,0.972958,0.91544116,0.7115545,0.57596767,0.6236269,0.122376055,0.05243647,0.030200293,0.029595423
1026_906820,0.9997202,0.97522974,0.91516644,0.8458201,0.6175788,0.41457096,0.2328753,0.1453004,0.14512277,0.17015351
170_907799,0.9997202,0.9706207,0.92558986,0.8223026,0.70860803,0.5143547,0.2554989,0.020729568,-0.0012295659,-0.0053158184
194_909720,0.9997202,0.9751545,0.8418577,0.7993336,0.6856213,0.49877688,0.25838748,0.17793842,0.07845885,0.07647802
219_906861,0.9997202,0.9734742,0.9347009,0.88687193,0.7063032,0.5106581,0.287868,0.21926539,0.19832478,0.19633168
219_1298348,0.9997202,0.9744234,0.9514079,0.87524,0.5984305,0.25846237,0.17103791,0.15641628,0.14001721,0.13708088
153_906856,0.9997202,0.9753407,0.9020002,0.8927059,0.815367,0.6797875,0.4991868,0.24949415,0.14167301,0.12909026
104_909260,0.9997202,0.97149444,0.93330306,0.9346352,0.89309466,0.6417638,0.1901832,0.058420897,0.013426411,0.011904053
272_907068,0.9997202,0.9764702,0.92232656,0.8474739,0.68339354,0.5294807,0.31711277,0.1934366,0.11643973,0.096117765
219_910925,0.9997202,0.97295034,0.9390954,0.8193721,0.5659951,0.3578775,0.20076495,0.19702415,0.19008808,0.1928753
180_753534,0.9997202,0.9744867,0.67444587,0.5111588,0.38779074,0.26761106,0.20223121,0.12996943,0.16689806,0.16886683
170_949155,0.9997202,0.9711498,0.8078135,0.7279952,0.5721184,0.37587547,0.15712294,0.040714957,0.0669275,0.054167327
274_1674021,0.9997202,0.9724571,0.90574354,0.76930547,0.52996486,0.37159112,0.25732598,0.18734398,0.1681289,0.1589174
245_907274,0.9997202,0.97531205,0.95977336,0.9441107,0.9689259,0.8921049,0.73028183,0.27382216,0.05319587,0.039141838
157_906848,0.9997202,0.9735821,0.9415865,0.9055363,0.8451232,0.799978,0.37330446,0.16413873,0.059504755,0.04336013
53_1330991,0.9997202,0.9747252,0.92509764,0.9111756,0.88776255,0.8582156,0.7540028,0.3954696,0.20665051,0.188917
1014_1287706,0.9997202,0.9746644,0.6675973,0.3508969,0.34560373,0.2683453,0.20423253,0.14851163,0.14246714,0.12696758
1054_949088,0.9997202,0.9729607,0.9111619,0.81384367,0.6233992,0.4937963,0.3340106,0.34694386,0.3004221,0.3026282
200_1322218,0.9997202,0.9733687,0.890936,0.7635268,0.49113828,0.32840526,0.13394965,0.0650915,0.026967417,0.015133446
302_749711,0.9997202,0.9720078,0.91386276,0.86418027,0.75834477,0.6849311,0.42080647,0.35272536,0.26644742,0.2482058
256_907269,0.9997202,0.9764492,0.9114926,0.8455783,0.7835139,0.63925976,0.55285233,0.39464617,0.11376145,0.1021993
180_753561,0.9997202,0.97022796,0.6242176,0.4678404,0.30083844,0.26579246,0.20239593,0.19046381,0.17763525,0.17519408
268_722046,0.9997202,0.9699046,0.7503835,0.4557765,0.22659373,0.16198482,0.12245407,0.07749152,0.03288162,0.02003736
344_909260,0.9997202,0.9726732,0.8984888,0.78549904,0.6083353,0.27620173,0.103978775,0.046511024,0.046299998,0.041521847
60_907175,0.9997202,0.9760832,0.94490993,0.90627414,0.8530847,0.7408132,0.47330004,0.23719597,0.17166229,0.17688118
274_1479988,0.9997202,0.97278774,0.81995636,0.60206246,0.3818909,0.260812,0.11964728,0.08782589,0.0851547,0.06450407
219_910401,0.9997202,0.9731727,0.9048396,0.54207766,0.34132612,0.24989988,0.1546124,0.10314642,0.08622435,0.08709499
200_1327766,0.9997202,0.97308826,0.8593638,0.7337501,0.52417356,0.323985,0.11370863,0.024843268,0.018490821,0.010067788
276_906835,0.9997202,0.9751617,0.91783524,0.8665085,0.78948665,0.64200044,0.4664375,0.2964268,0.10076139,0.092357166
346_905941,0.9997202,0.9756706,0.91884303,0.6932438,0.43702558,0.316705,0.2293627,0.17636676,0.1537629,0.14446746
273_907058,0.9997202,0.97228795,0.9547885,0.87255615,0.80800563,0.7080358,0.42458934,0.19097778,0.11217051,0.09910834
134_906869,0.9997202,0.9739418,0.8463027,0.7391968,0.5426449,0.40487358,0.30096945,0.24933629,0.19154342,0.17784731
245_907791,0.9997202,0.9720376,0.95575166,0.9337089,0.9302647,0.9074742,0.8059154,0.22921865,0.014670923,0.0013279354
176_909777,0.9997202,0.9713244,0.9537776,0.8855693,0.8375964,0.70349884,0.4293041,0.1944778,0.1338121,0.122973345
170_1240190,0.9997202,0.9716429,0.9291281,0.9102076,0.5628216,0.24241327,0.14175665,0.07988236,0.054211076,0.049304266
134_910924,0.9997202,0.969066,0.82790864,0.8005615,0.6341236,0.39566842,0.31571117,0.27363017,0.23176613,0.2416926
167_1331038,0.9997202,0.975952,0.9090161,0.79742986,0.60688245,0.51608866,0.4279321,0.2802111,0.038642883,0.031380568
252_910944,0.9997202,0.9732644,0.9284645,0.83903545,0.7367229,0.55066085,0.29987887,0.15812486,0.06505362,0.057952695
1007_906864,0.9997202,0.97446764,0.9286892,0.8325325,0.41318092,0.43169877,0.2902019,0.21780077,0.18884708,0.17134054
134_906763,0.9997202,0.96787965,0.91581243,0.7987522,0.55618364,0.2285939,0.15437321,0.07082331,0.060589004,0.06648137
293_1240121,0.9997202,0.9738755,0.9531649,0.75715554,0.5249123,0.3705187,0.30514833,0.19005594,0.09528443,0.09138768
274_909755,0.9997202,0.97627807,0.84109354,0.54888076,0.29144874,0.13942398,0.059588533,0.1360044,0.04445271,0.047079835
276_909761,0.9997202,0.9749768,0.91060615,0.8705488,0.767378,0.64954096,0.4523903,0.23224379,0.09372083,0.07274904
1003_753531,0.9997202,0.97302294,0.8450796,0.83119565,0.58703685,0.39191663,0.33644032,0.25815958,0.13378897,0.11884011
276_909756,0.9997202,0.975167,0.92638826,0.86736894,0.63805157,0.4557609,0.21960026,0.14783545,0.05824375,0.042681742
182_753552,0.9997202,0.9707063,0.9045231,0.75215685,0.6877103,0.5910761,0.47087118,0.13567224,0.04838341,0.042160057
344_910688,0.9997202,0.9739403,0.86493367,0.83159286,0.637178,0.22791573,0.07361927,0.031576756,0.025105344,0.015765801
170_906862,0.9997202,0.9724955,0.8976503,0.7970337,0.5014145,0.21139726,0.14847587,0.029347453,0.011158941,0.004120529
134_1299062,0.9997202,0.9746857,0.90297455,0.80110097,0.6702733,0.41475946,0.3285747,0.21684356,0.15064798,0.13810785
328_909729,0.9997202,0.97692895,0.8792515,0.7199775,0.46026707,0.32302868,0.2404773,0.1969637,0.18121138,0.18073629
328_1240173,0.9997202,0.9760691,0.8702316,0.6772989,0.52309996,0.3597935,0.27121463,0.22705749,0.17409934,0.16501537
245_907056,0.9997202,0.97597206,0.8871641,0.8159078,0.7822639,0.70085233,0.49983692,0.21119052,0.07500463,0.05993316
1053_906862,0.9997202,0.97358376,0.9117075,0.82548296,0.63728774,0.4601762,0.29688662,0.25245687,0.1742268,0.16818245
328_908467,0.9997202,0.97583574,0.9488366,0.8143023,0.68486106,0.4683441,0.34694386,0.2628886,0.23278424,0.22838159
133_1295740,0.9997202,0.9756744,0.90201235,0.81247765,0.67202556,0.3770914,0.16412865,0.07234299,0.034026444,0.02757418
155_909743,0.9997202,0.9720835,0.9604609,0.87153274,0.73636967,0.55112404,0.40283358,0.3177589,0.26095134,0.25441813
60_910706,0.9997202,0.97616696,0.9189359,0.8383037,0.7753147,0.56612754,0.23045473,0.062667556,0.04371368,0.05472779
301_753556,0.9997202,0.97114325,0.8802391,0.79261416,0.61032337,0.48176935,0.2832468,0.19315608,0.095312074,0.08530181
201_909704,0.9997202,0.97245735,0.90007913,0.7977775,0.5796991,0.45097265,0.38737166,0.20986119,0.1085985,0.112163015
136_907295,0.9997202,0.9747977,0.88810307,0.7464526,0.64772666,0.47502518,0.3824644,0.2039753,0.13432023,0.12706041
299_907789,0.9997202,0.9729281,0.7782539,0.63615566,0.60179675,0.4711154,0.2132353,0.11296222,0.10001229,0.08823479
34_906855,0.9997202,0.97624516,0.93571794,0.8660773,0.7453309,0.54054576,0.3130347,0.24115916,0.09138823,0.09011621
151_1298167,0.9997202,0.9740002,0.9263183,0.9404884,0.8045674,0.70040065,0.6368058,0.44488555,0.1040019,0.09850581
157_906852,0.9997202,0.9750915,0.92450315,0.89129764,0.80884707,0.5928199,0.27924097,0.15056574,0.12494681,0.10976083
274_1240205,0.9997202,0.9749877,0.87859535,0.78361845,0.63787335,0.4570346,0.29329857,0.10972342,0.07727363,0.061110605
180_907064,0.9997202,0.9740578,0.44600284,0.25443754,0.17892992,0.14587691,0.123448744,0.10793988,0.12919812,0.110481136
219_1331049,0.9997202,0.9724592,0.906612,0.6701513,0.38426653,0.3334317,0.23033266,0.16719355,0.11059251,0.098818675
328_906877,0.9997202,0.9749574,0.8854585,0.64014757,0.4752744,0.32201573,0.27471027,0.2523599,0.32115912,0.32682976
328_949153,0.9997202,0.97647274,0.9035664,0.7746582,0.45054716,0.1944151,0.107377306,0.11469865,0.11670795,0.12379672
1149_687985,0.9997202,0.9750399,0.9319362,0.8677109,0.7097888,0.49524462,0.30851993,0.210544,0.12027423,0.115295045
159_908142,0.9997202,0.97575146,0.91124535,0.84777343,0.7260259,0.5655694,0.40945107,0.26782125,0.20820378,0.169464
163_946363,0.9997202,0.9705974,0.93460304,0.8720374,0.76889366,0.6335129,0.51504654,0.50372165,0.36293894,0.3273977
83_971777,0.9997202,0.9750852,0.8447617,0.7109079,0.4491679,0.39290488,0.30036256,0.17798051,0.1574324,0.15844727
1058_1659818,0.9997202,0.97203547,0.9076603,0.7486074,0.55952376,0.44267213,0.28531542,0.17368573,0.13755745,0.16225483
159_906854,0.9997202,0.97598743,0.9007687,0.86493427,0.73474115,0.5769943,0.4636064,0.26820824,0.13784227,0.12962735
272_905938,0.9997202,0.9737476,0.92136925,0.76831126,0.4938171,0.16538526,0.061893426,0.027025413,0.018970493,0.012195027
272_905945,0.9997202,0.96912813,0.9390547,0.84516555,0.68019795,0.35121277,0.25032184,0.15795128,0.14802994,0.13315307
273_909249,0.9997202,0.97203624,0.9487798,0.8403082,0.6659901,0.4786833,0.2997478,0.14888333,0.09248262,0.07014944
135_906763,0.9997202,0.9663763,0.822942,0.45212656,0.27386048,0.15492405,0.15948997,0.12241394,0.13106471,0.13157012
167_753531,0.9997202,0.97358537,0.9048197,0.86629725,0.76221246,0.5485254,0.50622135,0.4600892,0.06386609,0.049821526
273_906855,0.9997202,0.97305125,0.9599749,0.8750594,0.800486,0.5719149,0.29428962,0.18399179,0.0872863,0.076224685
300_906831,0.9997202,0.97354037,0.91224056,0.849599,0.7480396,0.63249636,0.4456812,0.21686341,0.08340134,0.05986531
133_1240196,0.9997202,0.97536504,0.90382737,0.82061994,0.5174441,0.28864005,0.18406141,0.14314473,0.0580881,0.049264602
133_910688,0.9997202,0.9743526,0.89605486,0.76866794,0.5746362,0.30287504,0.16824304,0.13972916,0.061444063,0.03899702
272_1290809,0.9997202,0.9739898,0.93670404,0.92757154,0.84077233,0.71172684,0.3968538,0.1747949,0.07296534,0.045221623
328_684057,0.9997202,0.9722383,0.8577025,0.5986161,0.39594314,0.23933911,0.18467543,0.19739088,0.16867228,0.1723344
56_1303896,0.9997202,0.975231,0.8854894,0.69675857,0.5313797,0.36333779,0.28993323,0.19443765,0.14134422,0.12731926
272_906868,0.9997202,0.9681305,0.93401617,0.8545605,0.6669251,0.4975587,0.25066325,0.15024176,0.06471247,0.048242718
302_924151,0.9997202,0.9735256,0.9002304,0.8237476,0.6247292,0.48371947,0.40069723,0.3100856,0.26355103,0.23290451
274_1503368,0.9997202,0.9743504,0.92523605,0.8037988,0.50241715,0.24280863,0.21028279,0.19333196,0.0964095,0.09755644
268_946373,0.9997202,0.9694543,0.73730457,0.3879153,0.20313527,0.19672978,0.14794187,0.087440886,0.0436307,0.034883868
190_907043,0.9997202,0.97675824,0.8193611,0.4452001,0.24120422,0.16942759,0.14157791,0.12768885,0.096888185,0.079142205
88_1295740,0.9997202,0.9738657,0.86967224,0.7376964,0.5396876,0.25431708,0.10422345,0.03381674,0.022476945,0.012917357
1012_1327765,0.9997202,0.97179806,0.89694923,0.84801877,0.7179883,0.5181998,0.2678203,0.17322205,0.16079503,0.14320241
1022_905939,0.9997202,0.9771267,0.94092053,0.8631442,0.80693257,0.5974167,0.41127774,0.30510128,0.21726684,0.20549941
1026_687590,0.9997202,0.9728608,0.8387565,0.7116241,0.61621153,0.5849258,0.4713221,0.36411327,0.35369772,0.32107273
170_1331048,0.9997202,0.9718911,0.9447613,0.8290986,0.483112,0.30008945,0.1693587,0.107626595,0.053303614,0.036517117
152_925345,0.9997202,0.97207725,0.9252572,0.82438415,0.78687865,0.62212676,0.4662824,0.29449576,0.16701998,0.1412339
219_684059,0.9997202,0.9723907,0.8989142,0.8228003,0.598577,0.30534437,0.16213857,0.14436376,0.11629707,0.11739078
219_905986,0.9997202,0.9743497,0.9264432,0.83228654,0.6917114,0.40104502,0.2707402,0.20235312,0.15227534,0.1472789
133_910566,0.9997202,0.97608525,0.88230264,0.72899747,0.49432305,0.32741278,0.2175753,0.17351933,0.10384788,0.08428109
1014_687794,0.9997202,0.9761743,0.866285,0.79793453,0.67213976,0.53829354,0.40390944,0.37239686,0.28239354,0.2826561
229_905958,0.9997202,0.97625923,0.9569894,0.91151214,0.7640445,0.5529083,0.2721237,0.14857545,0.019202694,0.019814761
328_906818,0.9997202,0.9755044,0.8917977,0.7766867,0.68673164,0.4259095,0.21219465,0.1817975,0.19442503,0.21684195
274_909779,0.9997202,0.9735927,0.8313898,0.31893983,0.14428021,0.0878235,0.067174956,0.06137319,0.051325474,0.0442424
170_1290725,0.9997202,0.97414726,0.8362972,0.72948915,0.41575095,0.19123991,0.16303901,0.07928855,0.048373953,0.039306927
1059_724825,0.9997202,0.97453916,0.87004167,0.7374361,0.54676574,0.4146332,0.29558212,0.18802327,0.10795726,0.10389882
276_907286,0.9997202,0.9745381,0.9138054,0.7895481,0.6430607,0.4415629,0.2476919,0.10188093,0.052329168,0.041534632
170_909263,0.9997202,0.973951,0.89923215,0.8790304,0.8331386,0.76182044,0.36328894,0.07013863,0.030311419,0.02760309
300_906856,0.9997202,0.97601664,0.8962434,0.84397143,0.7057248,0.5787084,0.33047444,0.17022525,0.052896664,0.031198751
274_909712,0.9997202,0.9748026,0.92738014,0.8096684,0.58141214,0.34874386,0.17316069,0.073922224,0.033827282,0.032312583
245_905952,0.9997202,0.97514313,0.92584836,0.8761511,0.87640405,0.76988786,0.4068295,0.164099,0.0102105765,0.0027991538
87_910780,0.9997202,0.9733874,0.92033535,0.8676515,0.7265543,0.49632192,0.35594314,0.2906778,0.30934474,0.31565866
167_949173,0.9997202,0.972199,0.9317314,0.8873211,0.7703609,0.60628664,0.5799949,0.5820599,0.08627408,0.08379307
1022_1331036,0.9997202,0.97499645,0.87378424,0.77316135,0.53873885,0.28427428,0.14868346,0.119731754,0.1057804,0.09198118
1058_749715,0.9997202,0.97428066,0.8965582,0.8481059,0.69150925,0.5543541,0.4169296,0.30537787,0.20830064,0.22512352
302_749714,0.9997202,0.97070545,0.899197,0.832069,0.68329287,0.59423125,0.5029217,0.47772318,0.4193383,0.3745663
173_907280,0.9997202,0.97126716,0.9206029,0.9019981,0.8214965,0.76478076,0.46340048,0.19147407,0.105968475,0.106412366
235_907050,0.9997202,0.9756708,0.9278512,0.8757115,0.7030207,0.5127673,0.35496855,0.2312581,0.10945741,0.0996007
104_688023,0.9997202,0.97263694,0.92755604,0.9468827,0.89401776,0.823341,0.68083775,0.14286686,0.07175676,0.07200261
180_713880,0.9997202,0.9721848,0.72744495,0.28988096,0.1807441,0.13614017,0.10769291,0.11812627,0.11364109,0.11162922
1066_909703,0.9997202,0.9655469,0.8734205,0.7178352,0.5467987,0.40316477,0.30196643,0.2286971,0.20494986,0.17819646
136_907287,0.9997202,0.97473145,0.89102757,0.7869249,0.6903579,0.5124771,0.35528174,0.22628957,0.105371185,0.09010074
180_910947,0.9997202,0.9752687,0.8125848,0.45280567,0.23092361,0.20998491,0.19036841,0.074623145,0.0902732,0.0841389
1003_909725,0.9997202,0.97545487,0.789348,0.7981471,0.5607793,0.31175166,0.33658135,0.20513813,0.18904501,0.16652945
235_907043,0.9997202,0.97659254,0.9356597,0.87305087,0.7327243,0.6372978,0.36208764,0.2298171,0.057866253,0.049271014
134_924104,0.9997202,0.97498405,0.90419906,0.79429156,0.59737957,0.31514275,0.26559156,0.19578375,0.1450516,0.13911845
151_910903,0.9997202,0.9747744,0.9083826,0.8182076,0.77071494,0.58917093,0.4426515,0.22121651,0.19990878,0.18392307
275_907272,0.9997202,0.9723378,0.90122604,0.76893127,0.6006422,0.41157737,0.28510725,0.2063446,0.15129364,0.14037819
331_906836,0.9997202,0.97385,0.90057486,0.830428,0.67873937,0.49848294,0.3078233,0.15634374,0.08456162,0.067948535
1031_1503369,0.9997202,0.97034955,0.8640694,0.8872225,0.799759,0.5046255,0.26048398,0.21104644,0.13300416,0.112787165
303_908136,0.9997202,0.9753301,0.9408984,0.862297,0.76619905,0.5792333,0.45995972,0.22813414,0.14912614,0.13068946
302_910687,0.9997202,0.97339845,0.9129952,0.7812032,0.56972826,0.3491191,0.37491363,0.23355816,0.23173025,0.24561638
273_753531,0.9997202,0.97110796,0.9070128,0.85269964,0.6891796,0.51317006,0.33326375,0.15964562,0.04746317,0.030410098
200_906832,0.9997202,0.97282606,0.880143,0.68478286,0.42597073,0.33610353,0.17683403,0.1261375,0.0702603,0.0626575
41_1330947,0.9997202,0.9733342,0.93883574,0.8803349,0.87134033,0.79277384,0.45487136,0.22545183,0.13781065,0.13668205
53_924239,0.9997202,0.97247607,0.94563955,0.9116087,0.92657363,0.8637871,0.66799647,0.27205184,0.15001048,0.14467917
170_907059,0.9997202,0.9718863,0.94017005,0.90599084,0.7193376,0.42957535,0.11021122,0.044199944,0.03632377,0.042699188
274_1240202,0.9997202,0.97618806,0.8554141,0.7445103,0.5727911,0.4209012,0.27267167,0.21321169,0.15775818,0.16192396
305_910706,0.9997202,0.97611547,0.88345176,0.72715664,0.61078763,0.46621117,0.3432355,0.21506928,0.14867245,0.15425506
1004_753578,0.9997202,0.9750532,0.82671005,0.7875507,0.62461853,0.45709932,0.31503364,0.30798304,0.23771599,0.21903212
163_1240179,0.9997202,0.9728557,0.95525086,0.87564754,0.8369247,0.62784535,0.462858,0.36028048,0.24511598,0.22152293
272_909708,0.9997202,0.97293514,0.920017,0.8550449,0.6518153,0.3312382,0.17903592,0.08457776,0.06112324,0.054038778
133_907277,0.9997202,0.97524476,0.92072815,0.79072607,0.6190303,0.3342488,0.19829643,0.11226627,0.057790976,0.044925943
249_1503367,0.9997202,0.97637814,0.8503296,0.54233295,0.42668033,0.42931086,0.3374829,0.26845,0.11638226,0.09506587
87_907175,0.9997202,0.97715855,0.92806494,0.8907264,0.83141327,0.54704434,0.3375169,0.26066005,0.2435541,0.2667582
136_907057,0.9997202,0.97331256,0.90624917,0.73827434,0.51054925,0.4324888,0.260117,0.1871894,0.09492041,0.08137192
328_684062,0.9997202,0.9749484,0.87713665,0.72526413,0.45691487,0.3245537,0.2360976,0.23059909,0.20795828,0.19614862
265_909252,0.9997202,0.9718342,0.88844323,0.6715801,0.5138456,0.37022215,0.16351865,0.07809995,0.03220501,0.022730192
200_688010,0.9997202,0.9702297,0.852937,0.7275439,0.44052047,0.22027636,0.104681864,0.08824007,0.07396761,0.0615668
9_753531,0.9997202,0.9735674,0.9117316,0.887715,0.8625852,0.7924599,0.78833807,0.52795124,0.07524899,0.06441093
1006_1298167,0.9997202,0.9745864,0.8528445,0.7922509,0.7815495,0.7011895,0.5755037,0.3923382,0.20827268,0.22642912
346_906839,0.9997202,0.9698937,0.6143575,0.38403794,0.3038301,0.21441448,0.14394851,0.0831024,0.08536173,0.0782412
1058_949179,0.9997202,0.9738731,0.91298723,0.8124919,0.65543324,0.46397206,0.4042864,0.33515847,0.23849086,0.26550066
1003_1479988,0.9997202,0.97259045,0.8702698,0.7448936,0.55626345,0.30113053,0.20435536,0.162496,0.13243623,0.09866868
180_687804,0.9997202,0.9722794,0.8244928,0.56632483,0.26505917,0.19069673,0.17331424,0.16039956,0.14812078,0.13871388
1060_907050,0.9997202,0.9740362,0.89267445,0.823063,0.6837222,0.60024714,0.46335158,0.4466526,0.31457844,0.30876067
170_910934,0.9997202,0.972068,0.8972665,0.68378913,0.37205493,0.21046871,0.08312548,0.03650464,0.011372242,0.0046432833
200_906869,0.9997202,0.9742236,0.8773696,0.75398916,0.5504274,0.38049573,0.1741259,0.090400316,0.09055231,0.076911114
53_905958,0.9997202,0.9744533,0.9619588,0.9510529,0.9246563,0.86363065,0.72640896,0.24041858,0.044404816,0.03387965
140_688121,0.9997202,0.97607857,0.9111502,0.77542156,0.6396194,0.46620724,0.3467799,0.29536346,0.17611589,0.16423397
346_906793,0.9997202,0.9759638,0.8412746,0.43908542,0.2211662,0.13108541,0.0990125,0.08138252,0.078042544,0.08716859
140_910931,0.9997202,0.9767698,0.9194704,0.90592444,0.8860509,0.69246787,0.43844587,0.260328,0.20671745,0.20316596
170_906877,0.9997202,0.9715114,0.9039301,0.48575363,0.1916388,0.16803047,0.12562305,0.06749013,0.09191196,0.098306
346_905986,0.9997202,0.97661096,0.9140682,0.6855901,0.44927412,0.26377746,0.20528577,0.1439689,0.10810313,0.0963072
182_1240134,0.9997202,0.9742115,0.8567091,0.62690943,0.35530522,0.37935615,0.27928525,0.13418466,0.064324245,0.05572246
159_910703,0.9997202,0.97486585,0.9001926,0.8421893,0.6747074,0.52315617,0.35310304,0.24607669,0.16678675,0.14287013
9_907272,0.9997202,0.97477543,0.92880183,0.86807674,0.77518237,0.73460823,0.69264275,0.37014169,0.039963875,0.032520514
157_910919,0.9997202,0.9762017,0.9176974,0.8560514,0.75480837,0.6557328,0.2894072,0.16137508,0.08466448,0.06024934
252_1330972,0.9997202,0.97479117,0.91906136,0.88359827,0.87683326,0.78015286,0.6258898,0.21985999,0.11300132,0.09094155
200_687985,0.9997202,0.9722306,0.9127077,0.7164672,0.35796607,0.5478621,0.11069039,0.07959963,0.027411599,0.01861062
83_910700,0.9997202,0.976581,0.9006519,0.8353612,0.71582586,0.5601944,0.41581404,0.3584281,0.29532656,0.2711117
135_906813,0.9997202,0.9744625,0.8449291,0.61194795,0.46054807,0.24987055,0.16654523,0.14318231,0.1556219,0.16356945
140_924104,0.9997202,0.9757822,0.9184062,0.84912086,0.56951255,0.36856458,0.25924462,0.21941864,0.20365255,0.1878493
273_1240157,0.9997202,0.97159034,0.95086426,0.88097245,0.81569254,0.7018673,0.31756946,0.14048585,0.073864944,0.058641545
173_1331040,0.9997202,0.9746109,0.9048853,0.8434534,0.7553429,0.5829112,0.3960472,0.34846833,0.10699598,0.08648183
328_908141,0.9997202,0.9741132,0.81768054,0.44194275,0.2851744,0.15610428,0.092408516,0.07167236,0.11886619,0.12445121
1057_910401,0.9997202,0.9739061,0.8868611,0.73496556,0.52665025,0.4032262,0.23573731,0.11678752,0.0841457,0.08361455
201_909785,0.9997202,0.97391677,0.9038404,0.83854365,0.6883094,0.510111,0.41571292,0.31463236,0.19002625,0.19689582
346_949090,0.9997202,0.97120816,0.90161896,0.7995378,0.5099713,0.36245477,0.32087943,0.27904043,0.21112461,0.19708534
87_909976,0.9997202,0.9762034,0.93870366,0.89191735,0.7663112,0.4570184,0.31711406,0.28094792,0.24074581,0.26052082
136_687568,0.9997202,0.97283876,0.88568735,0.68199223,0.7167566,0.3751118,0.31407836,0.16710442,0.108397685,0.10739736
306_910935,0.9997202,0.97478175,0.8830612,0.79833394,0.6189907,0.43539676,0.20458914,0.12190712,0.022635413,0.014548864
