DRUG_COSMICID,norm_cells_0,norm_cells_1,norm_cells_2,norm_cells_3,norm_cells_4,norm_cells_5,norm_cells_6,norm_cells_7,norm_cells_8,norm_cells_9,param_1,param_2,param_3,param_4
346_687997,1,0.969512706,0.916396356,0.555426531,0.47438843,0.41454153,0.408907375,0.375239062,0.367572946,0.318506685,0.273560117,1.626132569,-20.44835688,0.384772033
180_908156,1,0.955576695,0.877491984,0.731748062,0.253719201,0.018177144,0.005245217,0.03800594,0.002796242,-0.003892356,0.387366488,1.043137538,-19.06909033,0.003825287
328_909704,1,0.965426449,0.796799843,0.506532352,0.272963383,0.247728285,0.196594849,0.204589361,0.201162615,0.206439067,0.279760409,1.234981158,-14.37034973,0.204461746
194_753570,1,0.965290182,0.937924188,0.907552803,0.87781636,0.868002981,0.487672816,0.359569771,0.250451488,0.290078914,0.615142672,1.516418943,-21.12363118,0.284755759
1015_971777,1,0.993719958,0.889531778,0.804396037,0.536359542,0.490529146,0.385233524,0.339593608,0.314888784,0.282135068,0.36016831,1.345063702,-8.183707545,0.299658424
1026_1480367,1,0.990412816,0.912717955,0.674361461,0.553587402,0.499184282,0.338816738,0.333866779,0.298043807,0.305674608,0.327507426,1.287458579,-7.560178358,0.296212881
200_687588,1,0.995077255,0.957112545,0.951638623,0.654487101,0.790247169,0.587639802,0.46481655,0.134787496,0.09022263,0.705934249,1.013891664,-6.724187908,2.73E-19
170_1330982,1,0.980177013,0.924027644,0.369464527,0.005314854,0.00280627,0.004124494,0.004005763,0.002407453,0.002914346,0.314993867,1.011231828,-29.51015035,0.00018121
83_713878,1,0.992910536,0.90073401,0.72870934,0.630434701,0.537472398,0.442498026,0.385280289,0.364502413,0.374416312,0.325717426,1.392472239,-6.797596106,0.353815619
274_1240138,1,0.969606241,0.98894598,0.871560561,0.730380824,0.56240528,0.315126734,0.138331952,0.04321223,0.036729083,0.57318726,0.996096174,-8.536672633,2.38E-14
219_907281,1,0.955287035,0.894146928,0.787804331,0.436078615,0.108216457,0.021375871,0.004836283,0.00613508,0.00620987,0.426292388,1.031674223,-15.10166574,9.36E-24
1031_687505,1,0.994655556,0.840532657,0.800044143,0.558086154,0.259868307,0.119568115,0.077759897,0.024637385,0.013185586,0.455919062,1.0169167,-9.874857699,0.014357467
1031_910567,1,0.963151218,0.900085918,0.910417059,0.732000612,0.389097403,0.224700564,0.158483121,0.180838916,0.140763176,0.486543054,1.242561522,-15.41333702,0.157101033
208_905939,1,0.970746676,0.980260826,0.979695753,0.965162921,0.966859534,0.768958526,0.30289356,0.284816816,0.31350716,0.675319233,1.472644118,-49.29863993,0.29829883
182_1290797,1,0.968728673,0.964176759,0.91159274,0.816192996,0.714957943,0.647250558,0.202318091,0.010173107,0.007831946,0.686055154,1.063017805,-12.35107574,3.37E-34
9_908141,1,0.976367453,0.913327328,0.889901978,0.879754055,0.852672303,0.457777109,0.105680572,0.040943502,0.027660449,0.656879783,1.100387491,-20.0823834,0.027848949
272_906790,1,0.989775488,0.994343626,0.965897528,0.913444134,0.625796325,0.172605265,0.039485184,0.011473654,0.004830972,0.581946983,1.018073426,-18.51053844,0.007308442
274_1330941,1,0.955042315,0.925523791,0.788681934,0.637549062,0.312866686,0.125213795,0.101327408,0.08334308,0.080331153,0.465075557,1.102760174,-11.68193553,0.069186946
346_1240219,1,0.98547712,0.934978803,0.84477382,0.636257514,0.44176113,0.195490136,0.177965234,0.199093788,0.171474371,0.45677189,1.200823741,-11.10886459,0.162318401
165_1240149,1,0.963000824,0.892905261,0.736313726,0.607226944,0.262151504,0.183884729,0.174848558,0.078490112,0.059209725,0.438595017,1.075851784,-9.216746515,0.075257656
272_1480372,1,0.997914789,0.922900637,0.795079917,0.751772981,0.48443514,0.33818807,0.232949118,0.198214409,0.224606056,0.478383225,1.224124623,-8.772233864,0.185110489
272_1298168,1,0.99179064,0.989403649,0.970159303,0.974734368,0.852163935,0.485826686,0.18154813,0.077879295,0.045351959,0.655876629,1.062330383,-16.22251983,0.051085312
276_1240206,1,0.961386533,0.951084452,0.548740854,0.18372434,0.046585656,0.025275373,0.024647167,0.022682199,0.021725282,0.344813699,1.025666307,-18.50916296,0.02601805
180_1330985,1,0.989049884,0.968204902,0.939169003,0.768627605,0.396645753,0.163708928,0.150605786,0.111652425,0.10524764,0.501692894,1.145169672,-16.472795,0.114885115
328_907794,1,0.959675385,0.782215626,0.458910216,0.249001353,0.098364252,0.209461295,0.066451699,0.081364229,0.084580273,0.295033768,1.076359679,-12.56349058,0.100270024
133_749713,1,0.986888068,0.982369365,0.916509846,0.869932227,0.536640622,0.125305343,0.045851008,0.03602369,0.016366186,0.558842974,1.048470814,-18.26136445,0.021961147
134_1240196,1,0.99476206,0.99627387,0.902014703,0.617976314,0.353425221,0.172334203,0.13707327,0.040580889,0.025346736,0.482797225,1.028467234,-11.1424919,0.050618192
165_910849,1,0.958935138,0.773052792,0.555921688,0.528836931,0.612044791,0.589487626,0.499345538,0.026940745,0.025030441,0.537495747,0.893087719,-3.5002876,6.82E-24
182_684052,1,0.998013481,0.9528311,0.961803887,0.649976151,0.342964498,0.235796836,0.009538385,-0.006541447,-0.006580785,0.510304033,0.984284819,-11.06806893,3.24E-18
87_906838,1,0.999070016,0.938553988,0.936828093,0.922189065,0.756618312,0.44449639,0.340492924,0.339408754,0.369302941,0.562908619,1.606421337,-20.32840952,0.345083692
292_905965,1,0.988508796,0.99865069,0.879695871,0.977455345,0.641695739,0.203784413,0.005400573,0.016469474,0.017498009,0.590089753,1.030788306,-19.79806354,0.007794901
283_687448,1,0.988146423,0.932698188,0.892435173,0.855701712,0.705234929,0.584752431,0.457871344,0.387458065,0.358789741,0.549259813,1.46166935,-7.131723464,0.31362828
308_1331036,1,0.993011308,0.932319136,0.812656096,0.67100295,0.1628342,0.052543566,0.017782583,0.001659967,0.002145463,0.47588665,1.039311603,-17.09259743,0.002414592
268_1240131,1,0.967873992,0.959657162,0.924290308,0.892560436,0.643366173,0.445398163,0.19969534,0.064048043,0.032526994,0.636198288,1.015066779,-9.752485285,1.33E-21
200_924238,1,0.956088105,0.837929124,0.768575206,0.727583691,0.426833569,0.07047778,0.039456401,0.038329093,0.013434386,0.52415989,1.083875231,-12.68847664,0.001273143
172_907322,1,0.980432915,0.97137309,0.959962625,0.933612394,0.806764812,0.556710964,0.23937801,0.21488689,0.18057692,0.636856463,1.243972756,-14.95613082,0.17296175
180_910935,1,0.98173081,0.368904256,0.106894738,0.007094019,0.071750908,0.005584605,0.002769948,0.010729739,0.003784975,0.202208439,1.006121679,-30.12317152,0.02608368
53_907273,1,0.961259357,0.940394212,0.842701167,0.826590059,0.628247056,0.500999688,0.229041371,0.008628966,-0.000801294,0.64053961,1.045760369,-9.229342173,3.63E-24
272_908465,1,0.972328083,0.967018778,0.791413875,0.723982324,0.500470345,0.316427048,0.185212229,0.098556579,0.09156437,0.534583909,1.030185829,-7.427824406,0.046692752
276_1524416,1,0.964811474,0.94227972,0.966318945,0.894812908,0.65120647,0.440711886,0.067473725,0.014394054,0.010436941,0.626743773,1.027657593,-12.73174443,2.19E-21
300_909720,1,0.975821001,0.724433655,0.625142432,0.484876829,0.342457983,0.425244735,0.373669942,0.024364877,0.025530004,0.41792045,0.8,-3.76235476,9.91E-18
83_1327769,1,0.984296662,0.86668091,0.759738574,0.536904153,0.378833004,0.292160001,0.270455111,0.279751259,0.264456415,0.36231339,1.331326627,-10.1164158,0.26110159
245_1331039,1,0.976309113,0.984222,0.932948862,0.864554169,0.740467756,0.374531289,0.035267837,0.025551264,-0.001487873,0.627448731,1.033929845,-15.39995174,3.21E-24
135_906824,1,0.963934675,0.536423306,0.314424682,0.138833866,0.12857732,0.150014966,0.154676159,0.205096771,0.2163259,0.20599671,1.147119523,-18.23097585,0.169462484
173_910698,1,0.990005396,0.947671243,0.928874801,0.718377134,0.363964853,0.337900095,0.320714217,0.268760666,0.227734028,0.449241867,1.429945352,-19.87047998,0.281304688
274_907057,1,0.977895116,0.801210578,0.635268093,0.441197731,0.135719361,0.084720033,0.013643675,0.012021059,0.018642061,0.391500233,0.970975419,-9.015749513,1.61E-23
222_1331037,1,0.998356209,0.932317756,0.828377059,0.571232118,0.455232042,0.193364547,0.067818634,0.021855721,0.005582119,0.501237342,0.975741243,-8.311796091,9.52E-20
159_906800,1,0.987101202,0.967911984,0.942266516,0.882352576,0.605323431,0.293161577,0.082076665,0.03023832,0.034777761,0.589383098,1.033452599,-13.28791353,0.018822698
302_1330972,1,0.996851806,0.803310546,0.642018607,0.5457642,0.358931887,0.269982317,0.258561951,0.247197288,0.283362643,0.3129372,1.207031324,-7.864451517,0.244209783
344_909699,1,0.973897819,0.96985455,0.984907923,0.964923066,0.579679137,0.024773968,0.010293306,0.006889621,0.007692102,0.564202066,1.02715892,-37.77460458,0.007280621
219_906790,1,0.985695055,0.992737753,0.980036533,0.963697521,0.641535587,0.201533561,0.297116959,0.337412131,0.346894754,0.551909798,1.45201525,-100,0.295737889
200_1299061,1,0.966675661,0.826934211,0.744713972,0.532227532,0.274008487,0.204557124,0.047451777,0.03891032,0.036928651,0.445906333,0.984257676,-7.727874445,0.009199589
176_909702,1,0.951148554,0.955036764,0.928038801,0.936317174,0.886200248,0.695702513,0.152521249,0.020484817,0.006261306,0.705496875,1.057146906,-23.02410072,0.00305544
135_1303897,1,0.966334656,0.858774003,0.473361287,0.287905375,0.296362955,0.316265757,0.321570487,0.326655864,0.283493328,0.26845848,1.459636547,-23.74124495,0.303526742
1004_909696,1,0.957766664,0.970489583,0.972626796,0.822168031,0.260553921,0.039360054,0.041767803,0.04378368,0.035444264,0.506723309,1.062074402,-25.3687814,0.036097811
300_908443,1,0.965394907,0.939861799,0.941865409,0.699233999,0.473856742,0.401161267,0.326921278,0.028422893,0.029228594,0.582374771,0.971069561,-6.638717106,2.35E-19
11_908151,1,0.951278333,0.925009515,0.736452168,0.455100862,0.222759965,0.15992939,0.146922946,0.146670298,0.14377305,0.388513295,1.179639292,-13.42558693,0.140496618
308_906793,1,0.987088013,0.992126048,0.986602223,0.879335776,0.558519824,0.425561167,0.223424024,0.006358822,0.00514361,0.61459814,0.984011451,-9.417478885,2.72E-20
35_909717,1,0.98990146,0.961707524,0.99019726,0.991268009,0.902716119,0.800427844,0.447577055,0.350745198,0.306888507,0.690545417,1.488658135,-18.41942085,0.310047594
173_907066,1,0.967459233,0.908241821,0.907288237,0.796850409,0.714851546,0.393598295,0.261499595,0.221859528,0.185300271,0.575958593,1.276931569,-10.96753699,0.175238038
180_753594,1,0.981378012,0.956933037,0.890817685,0.726830277,0.227101427,0.048239585,0.048318016,0.028006354,0.026965183,0.489320994,1.062756281,-20.16616901,0.029438583
201_910916,1,0.978369371,0.963158751,0.826214387,0.180741784,0.053155925,0.037410708,0.041665128,0.033018065,0.012870041,0.385766805,1.053105947,-29.54910721,0.033934602
45_1331034,1,0.96045644,0.954533365,0.980309058,0.967116507,0.951917928,0.979262611,0.499740526,0.014576318,0.010252093,0.777695568,1.043722654,-99.99999998,0.012406683
268_908472,1,0.971336488,0.952596483,0.858017718,0.761659852,0.359948427,0.237899526,0.156954768,0.097028474,0.047737873,0.502585934,1.108579541,-11.8133008,0.084131341
200_1303901,1,0.997605202,0.868953836,0.854066694,0.366266021,0.045738591,0.035226285,0.035797951,0.03152104,0.042814095,0.415538773,1.074057887,-23.00620956,0.030647311
35_910687,1,0.977267373,0.919596397,0.952743675,0.82965781,0.797448425,0.551544215,0.394484909,0.237306005,0.224885217,0.640514656,1.244062389,-8.999075623,0.16951845
170_906861,1,0.986734295,0.91021199,0.982751273,0.987424685,0.787588015,0.080454332,0.321448898,0.018633,0.014060973,0.567058974,1.156352992,-100,0.108638369
170_1297446,1,0.959223208,0.914094482,0.909407115,0.666727677,0.251239596,0.009389181,0.004804356,0.005353562,0.002946441,0.489869774,1.039568949,-17.51627775,3.77E-17
200_906804,1,0.983225491,0.956754729,0.922019393,0.7867444,0.468915164,0.232041419,0.07345973,0.028216058,0.015966247,0.549499146,1.019163853,-11.57891932,0.011120342
135_905983,1,0.952106782,0.857241372,0.601268795,0.358390128,0.153106242,0.146570948,0.115762818,0.129893252,0.100800571,0.343492935,1.116102638,-11.91425559,0.11182576
165_909773,1,0.969423752,0.929309011,0.89826399,0.618867429,0.351838538,0.071599153,0.031767751,0.030387013,0.02020695,0.49195418,1.028400536,-12.74593858,0.011084745
1149_687794,1,0.958216105,0.844042921,0.873737599,0.797853302,0.42638553,0.329489697,0.265047316,0.257667876,0.25524969,0.484145855,1.504378632,-19.11869631,0.265123063
173_1247871,1,0.972975034,0.984880041,0.971636512,0.899944187,0.665244599,0.294422748,0.051972395,0.020809552,0.015750903,0.603784533,1.017173191,-14.90802268,0.003425182
200_684057,1,0.961017972,0.935666027,0.623007197,0.268385296,0.102751506,0.065462547,0.068587283,0.070351038,0.081466266,0.356270967,1.079178708,-16.49904712,0.070309254
182_753624,1,0.985679683,0.838669583,0.529329156,0.431900396,0.429625726,0.464048478,0.006451878,-0.006346814,-0.009729431,0.405364322,0.833102308,-4.808581666,4.65E-20
331_753586,1,0.997432986,0.946287747,0.895036249,0.788175239,0.665760348,0.5746133,0.352404334,0.068286198,0.022020608,0.671303258,1.02212986,-7.836170613,9.78E-20
200_908118,1,0.976308533,0.952747759,0.922823857,0.759705606,0.138862171,0.017474992,0.022073248,0.018769044,0.015098334,0.487001432,1.051857456,-28.18513027,0.016211672
273_909194,1,0.952636266,0.831630902,0.71023811,0.39569794,0.11488463,0.03174625,0.012809667,0.006497472,0.008428431,0.404537494,1.021002395,-11.94440417,4.73E-27
328_687804,1,0.974109954,0.953935141,0.681429422,0.309129089,0.202925752,0.134981119,0.134793657,0.117995218,0.115440792,0.359001493,1.147591624,-16.73890788,0.130859704
299_907280,1,0.961063163,0.604942168,0.317097413,0.237444936,0.197667636,0.17433167,0.12819994,0.13490823,0.089228237,0.223643594,1.090813388,-13.73739772,0.147835368
203_908444,1,0.957691985,0.968142952,0.953070218,0.888323881,0.790983182,0.648328491,0.409882092,0.124986111,0.130016238,0.718007171,1.059667178,-9.501773515,0.028498948
273_906696,1,0.980763512,0.978577735,0.830579146,0.756499541,0.667649386,0.312030189,0.089925501,0.020585056,0.014883823,0.595970162,1.033577281,-10.49351853,1.97E-23
134_908159,1,0.954935713,0.972503656,0.791642412,0.537073917,0.304027722,0.231119711,0.16424715,0.121671215,0.118630475,0.422850582,1.144680778,-11.1714449,0.133719834
276_1299075,1,0.987291078,0.859957444,0.785078986,0.533869814,0.310027509,0.047385282,0.024454761,0.02458761,0.018331635,0.45853572,1.007058132,-10.19422406,2.36E-17
136_909720,1,0.979295422,0.893082315,0.662536197,0.473927977,0.233799952,0.196624928,0.078588012,0.041193698,0.021323875,0.409606914,0.967335377,-7.897126449,0.026877522
1015_905989,1,0.964162039,0.896884564,0.869359512,0.896259645,0.85446149,0.70444686,0.471760047,0.374275756,0.370859222,0.652857445,1.725363256,-14.19484213,0.350859991
200_1297447,1,0.964170946,0.957775627,0.922516297,0.618785889,0.162526573,0.052767715,0.034621536,0.048487064,0.052328847,0.46315053,1.072988466,-21.42941784,0.043443705
180_907273,1,0.955862311,0.956873173,0.84459236,0.656919,0.486091518,0.356153405,0.312325707,0.320390746,0.366639049,0.411011165,1.509148832,-11.841961,0.326526791
182_1240201,1,0.963376563,0.67183933,0.407551583,0.275439229,0.227879082,0.159362872,0.015519205,-0.002365944,-0.002268383,0.2872029,0.8,-6.188715366,0.002837963
344_910853,1,0.95163368,0.922052227,0.687361539,0.582084932,0.006509737,0.004950737,0.006649427,0.003549878,0.003617088,0.438767155,1.056764274,-16.4302891,1.12E-33
328_907286,1,0.970284787,0.846528193,0.618834269,0.434272984,0.233019045,0.213789287,0.176419232,0.161916695,0.192179127,0.333999509,1.166827742,-10.31114261,0.17167222
201_910944,1,0.992989573,0.964419602,0.876038039,0.473774777,0.395390279,0.256896872,0.096113025,0.080652472,0.077137368,0.453409143,1.032882297,-9.040833664,0.074255063
200_909744,1,0.979449799,0.885282756,0.864048241,0.783992998,0.394154803,0.068925869,0.06555117,0.053163839,0.035743096,0.522260531,1.10509091,-17.8136926,0.037910861
140_1298167,1,0.961086842,0.979966744,0.99190607,0.424000847,0.20916773,0.034345992,0.031806028,0.020020509,0.027796346,0.432522283,1.04987941,-23.31574229,0.047939128
1007_1290722,1,0.955024578,0.988146557,0.988337849,0.764053475,0.381475735,0.486572526,0.410822462,0.399341779,0.375948818,0.443647208,1.748102164,-99.99999912,0.410829873
1149_946367,1,0.959917152,0.853262677,0.962046041,0.79930245,0.471430914,0.535510458,0.386510971,0.362358022,0.330773832,0.460635443,1.791046272,-20.18478755,0.392190275
180_909738,1,0.991659786,0.629086901,0.331782218,0.283142503,0.226197841,0.129166319,0.156535455,0.284363454,0.272717936,0.216248601,1.230616449,-18.92487427,0.223499991
235_907313,1,0.957889379,0.894110513,0.798425652,0.520999182,0.02776239,0.001083355,0.001712767,0.004218585,0.005380395,0.443210023,1.062254965,-20.61691679,1.38E-31
252_905974,1,0.999363724,0.936714142,0.968975671,0.987193005,0.986384373,0.9274305,0.211500262,0.269936711,0.280175213,0.6889843,1.377487527,-99.99999993,0.253829962
273_1240161,1,0.954355464,0.967057437,0.904992381,0.853375643,0.6115936,0.26807599,0.021128445,0.008016492,0.004093279,0.59061202,1.037958141,-14.27303296,3.45E-18
346_906824,1,0.971461705,0.791182967,0.448076761,0.114851891,0.09665271,0.087483671,0.066876927,0.069895284,0.061894411,0.299696158,1.069875811,-16.46907523,0.068436661
235_908129,1,0.974191158,0.903761986,0.978517865,0.866800075,0.919277113,0.84169593,0.684518134,0.318020177,0.300380526,0.774055418,1.489671985,-19.76054519,0.26541866
276_1299062,1,0.962538223,0.904752721,0.859969982,0.685459451,0.526850772,0.290995589,0.121437669,0.078346065,0.035496053,0.555996852,1.006377697,-7.899502168,0.000203655
41_909260,1,0.968523874,0.940081364,0.908092956,0.935327426,0.82439063,0.416174855,0.278281697,0.244135042,0.257162743,0.601987586,1.429011201,-23.61800639,0.253633795
179_905947,1,0.989677365,0.858875898,0.78479744,0.655024174,0.540916933,0.410794872,0.410956871,0.366178854,0.323285323,0.361110554,1.339235147,-6.191421371,0.318386343
230_906870,1,0.973396457,0.694336484,0.637477359,0.377629667,0.31388642,0.274185503,0.249000781,0.250031538,0.269798271,0.258852079,1.200646185,-8.72032661,0.248336399
273_909758,1,0.980181397,0.938065221,0.925756633,0.920808927,0.732608873,0.644455108,0.06957641,0.016009779,0.007168398,0.68583243,1.068865905,-19.66057491,8.40E-44
83_1331039,1,0.982483841,0.88957505,0.833562855,0.707013815,0.536999156,0.4171578,0.371395622,0.375494763,0.366455855,0.403814367,1.541297809,-8.887480925,0.350961799
87_909762,1,0.965712344,0.927698807,0.860192583,0.637670064,0.334187022,0.211503007,0.168518629,0.151117569,0.160060098,0.452156405,1.21316317,-13.43040795,0.154311951
328_1240168,1,0.962485369,0.935582627,0.957325168,0.930545773,0.519933171,0.164007442,0.095012357,0.114964575,0.091249686,0.548043955,1.157301373,-25.4611234,0.103282499
60_910934,1,0.975454031,0.918067121,0.865036127,0.832644717,0.559763099,0.182815661,0.17102865,0.198754514,0.202111173,0.535871715,1.311774357,-20.83743931,0.175888355
45_683665,1,0.964694566,0.980548684,0.971725602,0.980616343,0.974543503,0.975988111,0.7125007,0.004803551,-0.001805075,0.794913539,1.02207205,-56.24205218,4.28E-14
344_1240220,1,0.990750758,0.979595222,0.964156336,0.89702307,0.759061562,0.009381268,0.008067236,0.008856963,0.009085774,0.578261824,1.042110363,-54.77280038,0.006914684
201_1330984,1,0.991366898,0.932407437,0.822865563,0.482525118,0.269245422,0.152094249,0.118600889,0.120598811,0.102190654,0.417436282,1.123425284,-13.11013628,0.113068337
229_949153,1,0.986875693,0.866554967,0.768596126,0.699978436,0.158319272,0.020573215,0.009354905,0.009064276,0.013494304,0.4833675,1.08422374,-20.15213217,0.00254673
178_906856,1,0.966507344,0.963935432,0.837643158,0.602532556,0.348078117,0.120556081,0.04105391,0.027906278,0.018514,0.485588383,1.008710831,-10.76363141,0.009071982
182_924248,1,0.965257916,0.944519372,0.801752236,0.718083475,0.566031892,0.460855631,0.267440881,0.154911628,0.179520849,0.56043361,1.040245139,-5.809601246,0.071488019
273_906844,1,0.967657526,0.957521396,0.813252253,0.605152571,0.274899763,0.081642133,0.034179961,0.039238309,0.077992194,0.46440357,1.055132233,-12.92009713,0.038059675
1031_1240192,1,0.952147354,0.92357222,0.657147364,0.41804943,0.36835277,0.219958223,0.115518562,0.048932409,0.063013426,0.408773583,0.953055128,-6.718583831,0.040402545
301_908452,1,0.995527731,0.925686433,0.921999815,0.870621606,0.801165858,0.632850307,0.394389018,0.266349601,0.219635775,0.668491716,1.230470012,-9.03685395,0.159201406
331_1247873,1,0.962747718,0.95154464,0.930310078,0.762975224,0.709344864,0.536161599,0.368662962,0.349955697,0.358455739,0.521878717,1.482394444,-8.458148927,0.314947114
308_1240173,1,0.964247822,0.965619688,0.91606562,0.830605268,0.817927684,0.70304382,0.598900091,0.010703033,0.006383647,0.7895002,1.112743013,-22.28900679,5.68E-154
344_910935,1,0.996842465,0.949562744,0.79209645,0.567764778,0.053286542,0.006825602,0.008408492,0.00506698,0.005255729,0.448118433,1.029553701,-18.59838465,1.04E-30
274_905982,1,0.95213259,0.903139094,0.874158326,0.755646038,0.578416556,0.383315066,0.266894504,0.192796528,0.1614376,0.543777784,1.177155824,-7.995152299,0.134127742
200_1303900,1,0.97394692,0.907486529,0.773179508,0.541236659,0.485055413,0.0670654,0.080142697,0.065285536,0.050903291,0.478119166,1.007735243,-8.538793635,0.016690314
328_910922,1,0.984358645,0.875967196,0.776430106,0.650567284,0.503059129,0.391975241,0.327356709,0.331768016,0.347623321,0.373323655,1.402982105,-7.785585621,0.314444408
346_1331039,1,0.99981482,0.931068725,0.281460412,0.082270269,0.085713477,0.075354742,0.072670043,0.070502876,0.067630571,0.294160588,1.079605129,-33.7533904,0.074610823
35_1323913,1,0.987769045,0.939213322,0.91208178,0.896097185,0.80702119,0.603025632,0.376935349,0.113569072,0.072103843,0.715798029,1.033426204,-9.715075457,2.60E-18
273_753616,1,0.967705646,0.986661812,0.913811301,0.876018403,0.777089857,0.460796325,0.338861262,0.34682955,0.315958599,0.570216793,1.548408466,-16.20264935,0.318975738
182_687588,1,0.967172152,0.876083198,0.530512115,0.428041823,0.253020814,0.108408121,0.019788382,-0.005129013,-0.020301297,0.382445692,0.921348649,-7.532153597,9.18E-19
1003_908130,1,0.958629197,0.978691222,0.905001761,0.556863584,0.336572557,0.217206851,0.153926785,0.142657662,0.095287703,0.445389763,1.154100984,-13.20298401,0.135323749
257_749711,1,0.979563512,0.952256025,0.987816849,0.928264391,0.99932238,0.896785563,0.574114728,0.223811409,0.204634407,0.764168314,1.273777207,-23.17826971,0.188163084
1003_910700,1,0.993093638,0.622560668,0.599762408,0.538097235,0.266815758,0.228832268,0.233308774,0.11333024,0.066434568,0.328254719,0.8,-4.423132136,0.047106243
170_1331039,1,0.963469601,0.931329768,0.880844666,0.743513317,0.462500106,0.271244288,0.031926356,0.011693737,0.005432249,0.549054596,1.022051105,-10.46649867,7.87E-18
219_908443,1,0.994271837,0.872786916,0.802576218,0.762062532,0.606766805,0.238939271,0.149217243,0.181528041,0.228149544,0.527192098,1.290387092,-12.72902992,0.163269468
256_909773,1,0.973496337,0.888713468,0.902514573,0.852280615,0.654925359,0.430060191,0.197038961,0.022643922,0.003667403,0.634177204,1.044606183,-10.28064597,9.01E-23
235_905950,1,0.970030799,0.940616291,0.906502735,0.907492207,0.88885403,0.759813944,0.566351633,0.347272176,0.303662706,0.722654719,1.414011992,-11.14338622,0.245775629
272_1240183,1,0.985275341,0.992188894,0.952679702,0.957265747,0.83777841,0.635965547,0.397191944,0.252903959,0.225902056,0.662976087,1.266629234,-11.76080193,0.199576132
180_907061,1,0.962882265,0.919634554,0.624923981,0.354702766,0.180655533,0.178572697,0.135440461,0.160425937,0.157462065,0.343841875,1.177303207,-14.50876158,0.153423213
170_907322,1,0.959361829,0.982001002,0.948547085,0.962371195,0.549604605,0.032369489,0.02846322,0.017612672,0.019336658,0.55978618,1.051696437,-40.77704526,0.021269596
272_949157,1,0.978931097,0.947345516,0.836336395,0.841031786,0.743564361,0.588850631,0.42427775,0.392698023,0.345826074,0.567260706,1.402501309,-6.587908782,0.281372405
301_1240166,1,0.988467041,0.953817653,0.947313553,0.920541298,0.911542252,0.575424204,0.047067896,0.02867626,0.055099947,0.67411619,1.084055203,-33.72580789,0.034173036
1014_906696,1,0.974281071,0.784842425,0.583607744,0.343720941,0.263719926,0.152231821,0.080934858,0.050261448,0.02885934,0.350350066,0.917374035,-6.942676235,0.032443366
45_905965,1,0.973735214,0.892471528,0.934479424,0.890587614,0.822499983,0.83159233,0.170973778,0.02559268,0.008605291,0.728313796,1.103080118,-33.18151113,0.013794618
1149_930301,1,0.995047236,0.94814802,0.770766672,0.672033761,0.444665701,0.375685378,0.24182039,0.240867362,0.262444388,0.423963314,1.251291244,-8.351232464,0.230271082
159_1331036,1,0.960837373,0.91862034,0.954549905,0.786511142,0.702726506,0.271689611,0.056043966,0.005589111,0.007638743,0.605663709,1.051644687,-14.64525708,1.40E-21
170_907066,1,0.97520259,0.963325206,0.943072204,0.736002328,0.069217664,0.023279728,0.013615889,0.012204772,0.008308296,0.475354571,1.042572118,-34.46667032,0.013312771
178_905950,1,0.967519223,0.843947199,0.869380862,0.9152653,0.9142651,0.58872105,0.273911543,0.228958881,0.197105421,0.658889752,1.417586072,-26.39651345,0.217817041
135_753585,1,0.969552049,0.917853411,0.615233938,0.506221364,0.247443853,0.296114496,0.347130769,0.292811659,0.269431175,0.314057524,1.382494942,-13.18742921,0.28932743
328_1240142,1,0.988686656,0.945224611,0.716670493,0.447149985,0.422841357,0.322322413,0.271069929,0.268855979,0.294713988,0.336834806,1.37050405,-12.47338597,0.293223107
164_909702,1,0.995647449,0.974817931,0.888746196,0.754697923,0.470912754,0.229544226,0.212012613,0.065579806,0.050073628,0.52846131,1.05348255,-9.949436312,0.06101949
133_722058,1,0.977435317,0.836890043,0.757427968,0.604973772,0.412892426,0.310254241,0.242519614,0.082793295,0.033474366,0.498794227,0.921495782,-5.27495811,1.76E-24
273_907279,1,0.985482555,0.992367445,0.91938824,0.789745796,0.572841997,0.1229801,0.025068632,0.020225392,-0.000499787,0.561798631,1.022155687,-15.08917235,1.71E-22
283_1660034,1,0.954675145,0.859553854,0.703958632,0.58051219,0.622086346,0.473422378,0.512437052,0.395719838,0.367280304,0.214011369,0.892058327,-3.171138926,0.306659546
178_907274,1,0.986910666,0.996904754,0.948487662,0.942068896,0.807419541,0.71485948,0.509290828,0.414966537,0.392293422,0.625806107,1.558025116,-9.4415892,0.352095884
1149_1298145,1,0.966022746,0.876124064,0.716307005,0.576659463,0.5607126,0.466185151,0.394573097,0.276862588,0.291701869,0.368181646,0.944784748,-3.683088498,0.190531461
170_909735,1,0.95064851,0.811409462,0.90003586,0.224015074,0.00684222,0.001735193,0.002025454,-0.000424768,0.000775501,0.415931768,1.087183523,-42.98186279,0.001665776
274_907058,1,0.994660177,0.953235114,0.866953056,0.633576616,0.405393348,0.225206296,0.138269355,0.097794369,0.077401217,0.483519358,1.067504816,-9.776884308,0.079059846
180_905983,1,0.967177863,0.726519952,0.179931523,0.0990022,0.02788359,0.091834625,0.049256747,0.044024884,0.044947392,0.25600411,1.06321487,-24.54955746,0.056924481
229_905962,1,0.993770626,0.924435772,0.870253911,0.889376855,0.788234086,0.190227295,0.044981444,0.038767021,0.082916161,0.604714713,1.130442007,-29.19694002,0.053183426
1004_946361,1,0.967226623,0.869188092,0.835875767,0.756550829,0.338054314,0.169567304,0.115622735,0.116282945,0.108745769,0.494051263,1.207074449,-16.64906739,0.109498512
201_1290725,1,0.972768495,0.811170506,0.691173115,0.480987368,0.425835796,0.389272634,0.347035075,0.224835505,0.249739158,0.30032176,1.096736105,-5.726491081,0.240183038
176_907274,1,0.97551622,0.998761331,0.922281952,0.963245172,0.912406398,0.832849265,0.353652646,0.029588371,0.004545951,0.749627958,1.036025002,-21.48905617,1.12E-24
41_946354,1,0.962621537,0.961685173,0.997387263,0.973355358,0.845039162,0.263097679,0.034006407,0.024449483,0.023508824,0.623254397,1.042543387,-26.15795821,0.021467843
87_1330983,1,0.955882764,0.942141513,0.944831395,0.963073362,0.775505997,0.218992388,0.061277432,0.059150141,0.072546805,0.602988438,1.108619094,-26.31039396,0.061432579
1036_906793,1,0.992077107,0.822547552,0.573517177,0.344636948,0.292422082,0.198939356,0.171228687,0.139636498,0.12443107,0.314585353,1.086856881,-9.390310797,0.14981074
275_910706,1,0.999101389,0.963781908,0.96845883,0.835455729,0.432648259,0.228343244,0.192997867,0.111739583,0.1052499,0.515529342,1.164685394,-17.00767566,0.135569434
272_905936,1,0.953252186,0.905793648,0.818980508,0.440028055,0.262157124,0.140114164,0.038543888,0.020331881,0.011028153,0.438138181,1.018057292,-10.56540427,0.020779733
140_724859,1,0.964906051,0.930852102,0.848607545,0.707536105,0.582783872,0.560677802,0.196683223,0.116172231,0.127080802,0.61990213,0.991637586,-6.089223802,1.92E-22
273_910568,1,0.950740805,0.928040102,0.881512974,0.914302102,0.90395291,0.835517857,0.1900612,0.036766262,0.027683653,0.728141166,1.10970857,-32.76820125,0.0293563
1057_949156,1,0.965487705,0.985018509,0.89853551,0.871477751,0.668498491,0.33336414,0.22725578,0.158233036,0.110093985,0.579694298,1.176284268,-12.6417153,0.126070834
140_925340,1,0.967173684,0.72186407,0.550993478,0.322858356,0.334689524,0.259466792,0.321086198,0.358121949,0.333774916,0.232557894,1.393935054,-13.37169746,0.314276576
56_946356,1,0.995844675,0.971800987,0.815374323,0.348834026,0.311280924,0.428335158,0.501297406,0.304206943,0.314794727,0.33802004,1.610057011,-100,0.36812119
276_908454,1,0.954648529,0.745755762,0.902336877,0.657290401,0.441597934,0.300335935,0.10523062,0.023248231,0.013390154,0.541059399,1.044524734,-8.208380468,1.03E-17
308_753538,1,0.996401422,0.980972405,0.973944002,0.952145656,0.955984245,0.770176965,0.499041529,0.007726577,0.006251384,0.764356402,1.02581547,-18.01536778,5.68E-24
219_753535,1,0.953329954,0.96962663,0.895129541,0.799508688,0.250267473,0.196477243,0.186777952,0.164597921,0.180342352,0.478042302,1.287441859,-31.98572879,0.180311644
300_905991,1,0.966309067,0.876303561,0.789153654,0.711492446,0.537833355,0.317442941,0.306479195,0.318922597,0.301703731,0.431073747,1.411406192,-8.757127798,0.276886701
235_1240215,1,0.986530151,0.950399199,0.88807534,0.703697326,0.611201498,0.402138806,0.314742861,0.329860637,0.290976428,0.468516413,1.376748273,-8.798428402,0.281459404
219_1290768,1,0.959779708,0.922442464,0.732403922,0.781858742,0.671995393,0.221838234,0.058064934,0.073273436,0.061039474,0.588285661,1.166918203,-16.51922164,0.044503644
302_949154,1,0.961482956,0.888817195,0.88435439,0.700385997,0.485362124,0.447924296,0.355288825,0.344266234,0.319130693,0.42526909,1.526768731,-9.941808199,0.330028631
219_905981,1,0.950968813,0.944771718,0.937722794,0.890539544,0.82816365,0.625603248,0.383288879,0.300871131,0.298737942,0.635006303,1.468973066,-13.13344147,0.275285357
229_1524418,1,0.958841078,0.697850229,0.822500637,0.62220519,0.365253279,0.245928332,0.325071104,0.229024171,0.2102428,0.395265203,1.286150682,-7.893509112,0.208632559
38_1295740,1,0.980064021,0.956236854,0.889110509,0.796178981,0.651601871,0.344754093,0.242918559,0.149030306,0.117117925,0.575065757,1.126828807,-9.423932484,0.099695168
135_910704,1,0.982671131,0.856321461,0.601048246,0.386787018,0.257609678,0.182335242,0.125161723,0.217227394,0.185783035,0.325796637,1.167926968,-11.24514211,0.174257272
163_909753,1,0.990305708,0.784568874,0.862260766,0.670078365,0.701284692,0.396126245,0.491627085,0.408011965,0.392452273,0.375431482,1.383823424,-5.054261695,0.343097481
276_946373,1,0.984612394,0.975686495,0.97144186,0.948482167,0.934326717,0.618675517,0.237346629,0.108086074,0.079186891,0.684333803,1.112842638,-18.5207944,0.082743807
172_910919,1,0.954789127,0.957434243,0.989100389,0.992461449,0.853326027,0.419476547,0.280938333,0.028762434,0.017575359,0.66204857,1.029944722,-13.73980815,0.020707557
135_749717,1,0.954210418,0.80802103,0.434715631,0.36370021,0.25147558,0.230002961,0.302289049,0.184869537,0.220540619,0.261413326,1.291155945,-15.03096951,0.241916777
219_924104,1,0.981725804,0.997712722,0.873805652,0.833597826,0.725330483,0.35152172,0.253030126,0.239410279,0.212142632,0.565599285,1.315969831,-13.84617017,0.208512802
170_909260,1,0.955045975,0.899007056,0.916917661,0.667409497,0.392423611,0.019807572,0.001554447,0.007455742,0.000312625,0.510833195,1.043625365,-14.81506366,1.54E-17
41_908483,1,0.960776235,0.982700525,0.916468732,0.878559481,0.75469805,0.399448246,0.290781999,0.282841548,0.277443856,0.572829228,1.452592759,-18.20825152,0.272317201
309_906763,1,0.962172745,0.915642561,0.723650511,0.486646431,0.343017253,0.202898284,0.195766032,0.202189532,0.18913424,0.378171692,1.21211901,-10.6006833,0.186107731
219_906872,1,0.965990998,0.885181904,0.771003829,0.878008958,0.589099066,0.227787373,0.252624169,0.240324418,0.244726851,0.548835916,1.513976031,-45.84549631,0.240347043
170_1303897,1,0.98661712,0.968161597,0.980199156,0.760050326,0.048593017,0.030102231,0.00844901,0.009869426,0.009817236,0.473373943,1.030664552,-40.42931394,0.014336435
200_910942,1,0.97818209,0.92970225,0.455342091,0.17840295,0.047044731,0.042697846,0.052595906,0.040033472,0.085097449,0.319936009,1.053782669,-20.22804477,0.058033711
173_946353,1,0.965100375,0.886022988,0.848504839,0.586211111,0.275587311,0.32084703,0.269874802,0.325530412,0.288712946,0.405727259,1.507008689,-20.09596837,0.289013647
170_1330947,1,0.991761385,0.961184393,0.974476653,0.945190532,0.885949484,0.839590781,0.012517377,0.009945223,0.002915547,0.698189278,1.048025928,-59.87533105,0.00565155
274_1240149,1,0.956394002,0.833031464,0.616796172,0.111465735,0.04533795,0.012599849,0.010219782,0.00861875,0.010013567,0.352030391,1.049808594,-19.63038121,0.008830381
170_1240143,1,0.993572914,0.906912555,0.943352922,0.89087572,0.85461262,0.362697198,0.059362305,0.023905774,0.029563574,0.640217869,1.079509063,-23.50763514,0.023924104
305_1322218,1,0.984899014,0.927040338,0.782815434,0.648224162,0.549864251,0.438852376,0.404251272,0.325282152,0.286919917,0.401100251,1.236986731,-5.735054556,0.271999564
274_905947,1,0.98054753,0.868382631,0.673783069,0.485346104,0.30172119,0.198403454,0.126561582,0.088551182,0.071709834,0.40037484,1.003085132,-7.508417942,0.067186594
180_905939,1,0.994854674,0.584351259,0.051321086,0.031650844,0.050174637,0.024850673,0.040184431,0.043293978,0.052196628,0.227502785,1.041590387,-42.99937409,0.040446334
283_910926,1,0.975675511,0.986337078,0.911840915,0.805451719,0.655611483,0.57566254,0.41099937,0.32881135,0.278994915,0.571387775,1.24274412,-6.395353509,0.218757894
163_688121,1,0.960649996,0.962891684,0.948463493,0.91639926,0.763738383,0.521438531,0.48143558,0.346808157,0.369689084,0.562650875,1.629525689,-12.47822639,0.36422912
180_910924,1,0.961001964,0.98602558,0.750758141,0.466007294,0.499167088,0.188051403,0.223890225,0.235638305,0.255233816,0.380382108,1.253925378,-10.3908381,0.227568033
293_908481,1,0.999732971,0.956716238,0.803995784,0.751584479,0.583901938,0.512732779,0.434668271,0.274260461,0.290530826,0.510478703,1.127186384,-4.950306253,0.192857049
167_908451,1,0.951608558,0.979519148,0.91598002,0.853569966,0.711992788,0.673625201,0.619197069,0.007317701,0.00667737,0.766967355,1.092506999,-13.10590603,8.03E-92
53_1297449,1,0.983057107,0.943697582,0.956250919,0.970323862,0.792020007,0.497590354,0.091932576,0.014078128,0.012537563,0.66001343,1.028400809,-16.60469334,1.36E-20
272_949174,1,0.976110953,0.216265486,0.049420833,0.049371209,0.421288561,0.302708957,0.15428891,0.121637634,0.088673255,0.169705005,1.204898722,-57.48648798,0.169676693
302_905972,1,0.986450455,0.912313398,0.824560111,0.741102364,0.616624822,0.481062106,0.43770153,0.415698187,0.3910885,0.405053842,1.532520954,-6.895500696,0.372988559
180_905933,1,0.977994569,0.461267974,0.235076146,0.156587147,0.068171439,0.130261026,0.132337981,0.08986851,0.087185539,0.201287439,1.083144045,-21.68975687,0.11740462
276_924186,1,0.974818833,0.750620637,0.627696756,0.410401738,0.384691478,0.250515961,0.095167289,0.00198878,-0.014295557,0.393947607,0.86124913,-5.304891521,6.68E-17
180_908450,1,0.994992757,0.838235899,0.703168782,0.443725962,0.406156167,0.47179589,0.590993785,0.363921289,0.32366871,0.270760377,1.71845885,-14.95341286,0.423668504
275_1295740,1,0.978210922,0.983241443,0.872985626,0.792940785,0.733579355,0.560673416,0.479572338,0.376590208,0.328369625,0.573226512,1.269119454,-5.55790626,0.241824763
201_909744,1,0.95399638,0.980868827,0.998295934,0.887291455,0.755977269,0.478006848,0.457018383,0.02611534,0.026531079,0.687799307,1.007963112,-9.112778319,1.89E-18
163_1290455,1,0.966357596,0.999000088,0.984582615,0.848690798,0.618392532,0.160310397,0.913984497,0.065716567,0.067522837,0.670132964,0.943894985,-5.323575422,6.15E-17
201_924102,1,0.951222544,0.791053788,0.416822665,0.195388909,0.225106429,0.160770017,0.079371161,0.058171976,0.057901348,0.286342969,1.081673864,-13.25883513,0.103614482
1060_1287706,1,0.970556758,0.561432299,0.271706692,0.198666715,0.129361605,0.118428563,0.095361769,0.090546749,0.112835395,0.220125183,1.064926722,-15.69366028,0.117927687
200_998189,1,0.967411964,0.766043037,0.626259592,0.414342757,0.16425367,0.150356281,0.057228863,0.035754308,0.026832615,0.371749653,0.95473902,-7.69721951,0.019741257
328_1503368,1,0.967002832,0.901426635,0.513588569,0.253397502,0.27788722,0.285579289,0.339010343,0.314875823,0.339985681,0.288196755,1.470430596,-27.65722151,0.300785863
182_908149,1,0.959343206,0.960910727,0.832745245,0.692863224,0.574510766,0.506417052,0.384108531,0.122107556,0.079857684,0.624043663,0.969488177,-5.358997424,2.20E-16
245_1295740,1,0.972586937,0.965356099,0.882669592,0.833309215,0.586976526,0.051504589,0.008380943,0.008888708,0.004873719,0.56911077,1.05974856,-23.58295427,1.85E-27
276_687985,1,0.956991311,0.812967274,0.640751761,0.420176233,0.213427145,0.163433193,0.153392041,0.017525589,0.007165214,0.383224391,0.942478037,-7.077903536,0.02251472
272_907786,1,0.978711305,0.786785259,0.680229917,0.559078282,0.497860473,0.121097634,0.03219871,0.024860097,0.032253394,0.470042466,0.989505596,-7.043922477,8.27E-19
268_1240125,1,0.955948592,0.991903796,0.956432497,0.903816485,0.882381449,0.678285051,0.234951096,0.075073976,0.025836255,0.70734657,1.060903319,-16.84674971,0.020411421
257_907786,1,0.968031233,0.845871,0.956761682,0.814797695,0.667468647,0.54642548,0.462088146,0.259314881,0.287401103,0.598681623,1.271758841,-6.660916535,0.197368085
273_905985,1,0.953777368,0.981439079,0.926018934,0.957597938,0.949766806,0.857674714,0.31399192,0.021283047,0.009479351,0.747368599,1.041119841,-25.59808569,0.002070944
273_910687,1,0.951124005,0.978284792,0.852713981,0.457255985,0.055528909,0.008221765,0.085439016,0.005033388,0.004223227,0.43149552,1.046072172,-21.47827337,0.019011696
1149_687459,1,0.966520624,0.932820816,0.715351367,0.449327494,0.442081576,0.257175225,0.325701875,0.279029069,0.246964188,0.340003917,1.355626499,-11.38403868,0.280717966
276_910687,1,0.98747986,0.911502416,0.668226153,0.164420852,0.040896874,0.016647441,0.007382333,0.010608343,0.007260025,0.365070896,1.02390816,-20.34632953,0.010606805
272_907791,1,0.974648629,0.885759949,0.745770888,0.456088132,0.194728781,0.103063646,0.086450271,0.105261808,0.067813681,0.404657475,1.092031993,-12.33985067,0.07662239
1006_1330933,1,0.966992829,0.928764171,0.716627283,0.632764508,0.48436897,0.405943677,0.280582301,0.299338272,0.291211413,0.379189408,1.27144853,-6.949983132,0.265863721
273_905977,1,0.980906879,0.870423603,0.777219821,0.668095624,0.601077904,0.362240481,0.177628897,0.073908248,0.054712625,0.570872907,1.00091664,-6.487389606,1.96E-19
229_907280,1,0.966994574,0.950556833,0.95494167,0.826769769,0.853519799,0.566716136,0.350762881,0.149776755,0.165035486,0.670467853,1.176363574,-11.2344201,0.11295859
305_1330982,1,0.988883422,0.852820118,0.71627484,0.540611756,0.23228329,0.10758532,0.062088765,0.029498008,0.008207704,0.437958704,0.986254263,-8.913585802,0.004064326
182_910942,1,0.975373138,0.639460307,0.350476673,0.294364364,0.257228368,0.192972005,0.169760021,0.11157754,0.122122231,0.227521649,1.080935685,-11.60599265,0.16777414
1054_907277,1,0.956455847,0.979898586,0.800140145,0.599993561,0.453498968,0.383060109,0.399678937,0.334128911,0.350675783,0.369247662,1.558744948,-12.42019045,0.359714693
104_749711,1,0.979653747,0.992353185,0.84801932,0.792297898,0.912458133,0.771759161,0.429253255,0.075611233,0.030601629,0.760881041,1.080407566,-16.90546481,7.91E-15
219_1503366,1,0.976630295,0.994375256,0.907426144,0.668105207,0.166151653,0.18540871,0.17790095,0.184143438,0.177687675,0.450328948,1.256499761,-40.37480876,0.175684631
1007_1240121,1,0.954820894,0.878108268,0.617977952,0.365641753,0.218586221,0.157902501,0.132837583,0.104144907,0.07509168,0.353092083,1.086787513,-10.55466701,0.104708023
274_905983,1,0.989173291,0.461059229,0.411218232,0.229686678,0.117020107,0.031686623,0.011469574,0.008269928,0.006647423,0.242621333,0.8,-7.392258019,0.006213017
276_909256,1,0.970113184,0.979254241,0.810199572,0.425964458,0.189918154,0.050213488,0.022739656,0.01814633,0.01322708,0.426250553,1.015169477,-14.14268794,0.019836762
274_905963,1,0.987940239,0.847381277,0.72016156,0.490471551,0.315766959,0.156027264,0.078974469,0.054940444,0.024133801,0.433193108,0.96198994,-7.450666046,0.013039377
1031_905959,1,0.972323432,0.868122238,0.599779574,0.427598553,0.347636984,0.305719291,0.242452214,0.088522576,0.064724772,0.371221807,0.831134553,-4.728247104,0.045528868
133_909703,1,0.967455963,0.923708098,0.676584444,0.221680006,0.083087557,0.031907609,0.015061352,0.010986191,0.00984564,0.37175707,1.03092332,-17.61612516,0.019435118
328_907319,1,0.992819892,0.942506,0.61246073,0.437590421,0.28618176,0.26763998,0.196344878,0.222735429,0.192968835,0.332507877,1.220602853,-12.03867001,0.216356918
272_753538,1,0.95228564,0.91047396,0.592696554,0.282612741,0.061242814,0.030252472,0.021139833,0.015316281,0.011181102,0.364686003,1.011788603,-13.85352087,0.01298851
328_910710,1,0.982876529,0.937571952,0.757634048,0.279018466,0.042691514,0.099401245,0.009818042,0.007058543,0.005141418,0.389662061,1.037727111,-19.3867006,0.024338752
328_910916,1,0.95012393,0.922595911,0.786527241,0.698162935,0.279260703,0.132223746,0.112423837,0.118661441,0.100948943,0.470479132,1.172309906,-14.85144175,0.098019699
53_1331039,1,0.979214495,0.960662202,0.894358825,0.823572825,0.689640133,0.600022354,0.188470405,0.145080615,0.160903036,0.637632407,1.124685516,-9.456877233,0.081172456
136_908473,1,0.998165073,0.921595417,0.962722751,0.764284177,0.600363969,0.405551992,0.215328713,0.054868395,0.022998984,0.609016345,0.997470531,-8.269755717,2.32E-18
219_753584,1,0.952394287,0.975698028,0.726857494,0.718953773,0.832801913,0.103072481,0.186361004,0.18608315,0.139061047,0.580059008,1.386552689,-100,0.153607397
273_1503361,1,0.990313591,0.952910503,0.92251845,0.890145388,0.593321215,0.351214399,0.142423509,0.078921737,0.031792794,0.595131484,1.045577969,-11.22892272,0.032229113
330_910688,1,0.97063655,0.984342154,0.953620922,0.954332611,0.963396572,0.599177533,0.515003551,0.081500044,0.043312794,0.746143763,1.016309663,-11.75026939,8.20E-18
1021_907783,1,0.969583409,0.868132527,0.743940665,0.493815731,0.304779448,0.054718826,0.019036713,0.015622244,0.014793301,0.444059182,0.997524152,-9.512177772,5.48E-17
274_924187,1,0.972465461,0.944768801,0.842095026,0.671452763,0.497205286,0.334764318,0.218322707,0.191145288,0.167693258,0.484020386,1.160432899,-8.210695515,0.151489366
328_1660034,1,0.98146783,0.95227033,0.79018417,0.570104945,0.386995604,0.318718875,0.299622043,0.261813975,0.269171353,0.384235031,1.359175773,-11.62515652,0.27413532
140_909743,1,0.961926373,0.948566788,0.893711833,0.660617117,0.404323059,0.373381464,0.252872156,0.155377116,0.162404207,0.469922753,1.185469013,-9.128537179,0.168124518
170_1290922,1,0.986344394,0.855639385,0.924924407,0.942762251,0.496558427,0.059968447,0.027026422,0.021766191,0.017081226,0.554802178,1.087356014,-34.3858201,0.025834919
45_1330985,1,0.969243458,0.972213407,0.967489658,0.954786456,0.952519381,0.921263817,0.051972076,0.008112173,0.004083172,0.721059897,1.037980278,-53.41340741,0.006004818
272_1298362,1,0.952638801,0.893307857,0.822297723,0.784449626,0.586263025,0.347045735,0.173390411,0.067461659,0.046800393,0.596008476,1.035945779,-8.245701199,1.23E-21
268_906837,1,0.965212304,0.853338771,0.479571476,0.13610536,0.067551205,0.026155047,0.019459391,0.010798681,0.049663334,0.322786007,1.031123523,-16.79589677,0.028895358
276_907273,1,0.980311937,0.966285477,0.896297977,0.416922623,0.071535459,0.00875981,0.003746882,0.003113859,0.00152105,0.430036412,1.017471126,-22.37673784,0.004759337
83_909717,1,0.99902238,0.733928976,0.564767804,0.441243014,0.422231114,0.311748434,0.311061493,0.237710322,0.282850445,0.235171407,1.133136264,-7.281613649,0.275458738
273_688025,1,0.955753385,0.991007189,0.896682522,0.872149746,0.764230457,0.388999868,0.064538349,0.024033265,0.02156444,0.635930011,1.046843925,-15.70513753,0.000978089
190_906856,1,0.95995948,0.855483037,0.744811687,0.532527772,0.384654539,0.245773914,0.143459329,0.091435866,0.063853348,0.452136268,0.974659062,-6.367716353,0.034413593
223_905955,1,0.983588021,0.984993336,0.936369827,0.924068911,0.679459812,0.544857286,0.451510655,0.369485924,0.356794969,0.537728568,1.567346242,-10.81127388,0.358807253
45_905984,1,0.9536848,0.903295945,0.846963714,0.86793796,0.821608568,0.863729487,0.840049642,0.046738637,0.009962927,0.827247178,1.130945618,-52.71849092,0.009722795
1149_907169,1,0.950211306,0.831612997,0.935442024,0.646194423,0.213434209,0.139800905,0.097190546,0.135568213,0.105811297,0.462043926,1.221997276,-24.09680935,0.11794721
276_909703,1,0.953202017,0.686757418,0.327929109,0.077029744,-0.006495048,-0.025810739,-0.016229627,-0.033775942,-0.025545935,0.277901515,0.975963955,-14.4811846,1.73E-27
344_946361,1,0.97126559,0.962110615,0.943389988,0.731110807,0.476500673,0.109024011,0.060189473,0.005886445,0.011575883,0.53672895,1.017277451,-13.31112371,0.002004728
159_907055,1,0.97670387,0.782418462,0.61054483,0.835222783,0.503449673,0.095308067,0.041573424,0.016476717,0.007293531,0.562428688,1.194776896,-21.68645699,0.015113022
235_1331038,1,0.997002462,0.883218703,0.484126607,0.014803566,0.019441827,0.012188445,0.01406847,0.012149414,0.015941989,0.3274192,1.020736859,-24.72382448,0.006981619
133_907169,1,0.992846577,0.937159423,0.770899587,0.512835975,0.2550441,0.356839663,0.194533607,0.027474863,0.008426069,0.458999529,0.908066204,-6.170007012,0.007581343
308_1327771,1,0.977923533,0.932959666,0.811823935,0.458639383,0.152615601,0.018702126,0.013259219,0.012586064,0.00832201,0.433211329,1.015408798,-14.64226316,0.004509263
328_907279,1,0.985434242,0.865316687,0.610187525,0.406710442,0.241396927,0.218188317,0.190561623,0.196842831,0.195841773,0.325043873,1.198212113,-11.59933939,0.192869722
104_906847,1,0.959142102,0.914208009,0.882886819,0.950760301,0.872134144,0.456147706,0.090480858,0.042838315,0.034323055,0.656288972,1.10396752,-23.65193136,0.036641452
252_1330950,1,0.962872659,0.983946567,0.914337946,0.748058192,0.354912085,0.07277562,0.030631358,0.009959298,0.000297163,0.515747218,1.022090031,-15.7252745,0.003507261
219_905971,1,0.986079337,0.953778623,0.908073141,0.704764346,0.399815011,0.332676978,0.316740037,0.285656629,0.318335394,0.438959462,1.478960601,-17.642668,0.306146547
184_687804,1,0.957304489,0.826002872,0.746003478,0.655260731,0.623987747,0.598381852,0.520837694,0.113646837,0.094024543,0.670521838,1.03027129,-4.874600505,1.33E-27
328_1290455,1,0.9583996,0.87092141,0.572136225,0.398183692,0.281210142,0.231079342,0.238354716,0.244365685,0.229469549,0.3035021,1.280492836,-12.56507091,0.235780759
235_1295740,1,0.998023574,0.981814145,0.888784178,0.819507967,0.718479229,0.253017139,0.00925398,0.008796748,0.007737308,0.605455084,1.044758148,-16.8956461,9.97E-26
157_924240,1,0.994609222,0.93750631,0.855629257,0.840060118,0.963532139,0.720434023,0.465785149,0.266844715,0.271367479,0.701004014,1.45793402,-16.79174336,0.250804768
275_906870,1,0.958793991,0.854659746,0.815292361,0.678710378,0.471198163,0.339341604,0.242047263,0.199279219,0.193725495,0.467731019,1.19508528,-7.49712031,0.163133476
157_907044,1,0.988347557,0.950950146,0.866992762,0.664431826,0.469075976,0.053697744,0.018974385,0.024693887,0.031429994,0.517573084,1.01786927,-12.20439533,3.47E-20
252_753624,1,0.995122012,0.930475557,0.939127192,0.963395851,0.946108907,0.72298791,0.421657017,0.336112064,0.372461993,0.664215202,1.631782043,-23.69025275,0.354222885
170_949170,1,0.998891013,0.923140519,0.972579149,0.998697805,0.91490643,0.812054189,0.374718359,0.047025478,0.008211891,0.749963105,1.027829753,-19.0164388,5.10E-21
178_907268,1,0.951399275,0.897980851,0.811108311,0.754492771,0.685520648,0.572721454,0.467759307,0.338846489,0.357725343,0.570669572,1.126119646,-3.982434883,0.175493553
185_905971,1,0.967709397,0.944772473,0.909925468,0.855852616,0.872577199,0.571487701,0.56518382,0.402606525,0.392245201,0.600648691,1.616072583,-8.569070671,0.353479117
173_753621,1,0.992873525,0.988876356,0.940238409,0.847464848,0.795271138,0.664188511,0.333664309,0.323556131,0.305443805,0.621670293,1.389664284,-10.49424407,0.261066997
1006_1330994,1,0.984349807,0.794564051,0.514331187,0.445140747,0.254996833,0.106822906,0.061990108,0.043548615,0.043118015,0.358233541,0.890355291,-6.573221698,0.015076431
60_905958,1,0.96504565,0.960600559,0.965348653,0.967017545,0.893454613,0.086097819,0.020174986,0.01829193,0.016615106,0.608334926,1.04870011,-44.82058383,0.018173389
1050_908451,1,0.967684555,0.988053666,0.908163596,0.849535101,0.889810858,0.831150216,0.662197385,0.372640059,0.34365241,0.754584719,1.52008429,-13.35381329,0.284154282
60_753621,1,0.991823286,0.96906468,0.930392235,0.899562153,0.679579804,0.147540128,0.130967587,0.12031381,0.08124519,0.572816668,1.166668573,-29.48159906,0.10551175
293_1331034,1,0.997528411,0.482418395,0.423552963,0.097197979,0.040679513,0.011678452,0.00483658,0.008083044,0.001000789,0.250418678,0.871414228,-9.772349085,2.41E-11
176_908158,1,0.967870576,0.997447146,0.83577276,0.863439695,0.431471784,0.016949352,0.006960312,0.003946108,0.004197691,0.543086187,1.050404901,-23.25186471,2.63E-23
136_1298219,1,0.954158773,0.842923414,0.673276589,0.700811969,0.482351994,0.462075727,0.309544401,0.075657037,0.051225603,0.556393622,0.960101815,-4.853730723,7.49E-20
276_924151,1,0.951042049,0.865049076,0.75039074,0.472392753,0.338172876,0.218061586,0.079686633,0.037239488,0.026663494,0.449253425,0.952659137,-6.927212185,0.001297663
305_1330935,1,0.963360662,0.897564395,0.752431252,0.442191156,0.208832445,0.09698362,0.053227252,0.036497397,0.040296492,0.41675959,1.04064073,-11.40832443,0.037375528
1012_949153,1,0.991647541,0.937464589,0.83635487,0.517863123,0.264485547,0.079547837,0.043715612,0.029451323,0.032583891,0.450446976,1.021873087,-12.13727499,0.025989504
299_905985,1,0.967783849,0.843535797,0.794065453,0.556372153,0.361733198,0.277886191,0.24485367,0.242315485,0.218173948,0.390422601,1.293326816,-9.935709345,0.221815351
273_907792,1,0.97955685,0.970348715,0.946109991,0.940551815,0.856581947,0.764477707,0.122064104,0.041344656,0.032063689,0.706330307,1.087239244,-30.80345617,0.03167219
200_1290725,1,0.985499964,0.998868394,0.881644117,0.623558065,0.449601463,0.243004452,0.118676497,0.084412612,0.037246366,0.506819918,1.010013712,-8.900923642,0.040230069
272_905969,1,0.959851364,0.947851091,0.785300187,0.603915163,0.451841965,0.29419836,0.141519998,0.097779197,0.06838207,0.499889716,0.994240872,-6.870765754,0.03299227
265_906856,1,0.972205973,0.945149343,0.966598625,0.945717338,0.67151459,0.164653865,0.261915521,0.020137595,0.026334291,0.57590955,1.137300845,-24.5981874,0.093282676
200_905939,1,0.986731374,0.832469173,0.620332882,0.226653217,0.051858975,0.025233477,0.042665787,0.018719918,0.020131386,0.356008858,1.021104004,-14.39113136,0.018302668
328_907061,1,0.992048267,0.944653075,0.913368094,0.674818728,0.359581762,0.218887235,0.162985813,0.177681187,0.152098576,0.46523884,1.207570387,-14.6781635,0.161876393
273_753547,1,0.951944458,0.929727894,0.891551304,0.842656697,0.378133293,0.031846779,-0.015947084,-0.014469161,-0.016130284,0.534192518,1.056755223,-22.70645865,1.08E-23
274_910911,1,0.997240577,0.850703823,0.81557154,0.729746182,0.619364764,0.366566906,0.178456014,0.062398624,0.017219913,0.594459184,1.031149334,-7.734346101,5.24E-25
200_908143,1,0.961533767,0.858127205,0.72287011,0.558063956,0.525838255,0.382596656,0.315768073,0.290386233,0.295816907,0.343178719,1.198542191,-5.836957266,0.260824686
328_1503362,1,0.978957398,0.775135206,0.528977649,0.368460676,0.293880629,0.262123868,0.302543469,0.302594357,0.317630101,0.253028766,1.362024695,-13.71531277,0.293773598
1022_910851,1,0.986044212,0.970665712,0.948223126,0.902046694,0.683040142,0.332346351,0.124911506,0.088306014,0.082722966,0.596703831,1.101063984,-14.80194012,0.073419409
194_909735,1,0.996779478,0.930281058,0.795738638,0.334904201,0.034120172,0.016713154,0.021554194,0.048228768,0.037850881,0.402568727,1.039237713,-19.89587092,0.023249559
200_713899,1,0.983097579,0.931052323,0.881612622,0.584557466,0.203556933,0.099033381,0.056490133,0.031233371,0.021099359,0.459794626,1.057633978,-15.59683983,0.037558937
135_910852,1,0.966710106,0.930561533,0.953966705,0.86237022,0.87833895,0.55331762,0.266445142,0.160736644,0.163344663,0.656173487,1.251387406,-16.9464355,0.15223557
308_910695,1,0.984056681,0.944915041,0.945254876,0.868443477,0.893995051,0.692666344,0.246361176,0.125157255,0.10090323,0.697082977,1.17711234,-20.20742549,0.098517507
135_1330947,1,0.987077245,0.949201466,0.667223473,0.299489824,0.15489436,0.14201914,0.14089492,0.136079433,0.141108134,0.352221148,1.156963169,-18.17087144,0.138298842
200_1240160,1,0.959680087,0.926389109,0.877897929,0.903280009,0.98670063,0.044529283,0.016597856,0.010818114,0.00765822,0.633075003,1.074288187,-100,0.011531698
1026_906820,1,0.973581543,0.965694096,0.869916955,0.612798703,0.367368911,0.133892116,0.055567606,0.042525124,0.051484651,0.4856209,1.034422096,-11.36100123,0.03380623
170_907799,1,0.957533463,0.950697315,0.879546837,0.897648626,0.818415695,0.450140986,0.099410859,0.011735366,0.005524593,0.657096871,1.060092239,-17.45877483,3.95E-18
194_909720,1,0.978731151,0.69813875,0.840883244,0.900524808,0.076924616,0.010843412,0.010915617,0.00277514,0.000435154,0.529907159,1.139665393,-100,0.006233769
219_906861,1,0.968462762,0.91780191,0.938410112,0.798679143,0.701921107,0.321487668,0.158964555,0.163293835,0.188942753,0.574551921,1.25319057,-15.27940309,0.152692481
219_1298348,1,0.990448132,0.975122547,0.937666485,0.580086463,0.158188115,0.091755743,0.090095771,0.083227607,0.087135612,0.447944078,1.106425823,-23.48408258,0.086211228
153_906856,1,0.996458867,0.940363434,0.895589925,0.892372408,0.665896293,0.42310964,0.120923641,0.033678632,0.024225348,0.628942069,1.028565785,-11.53664541,1.71E-18
104_909260,1,0.959990367,0.962431102,0.983129594,0.950387974,0.596074907,0.067134446,0.016878873,0.010074892,0.011903919,0.569086846,1.036951801,-28.9685863,0.011960337
272_907068,1,0.983465768,0.948419222,0.902666155,0.750766718,0.674116548,0.398652669,0.180624483,0.108315514,0.076699316,0.607802936,1.035203301,-8.443143166,0.024056317
219_910925,1,0.974902807,0.932416795,0.67522496,0.268195739,0.173333377,0.134196425,0.208538489,0.182099673,0.182662463,0.344634592,1.232633887,-22.13402901,0.173933377
180_753534,1,0.956198899,0.727114052,0.64534073,0.51093445,0.307259638,0.196059914,0.1132825,0.221499539,0.208097181,0.330864899,1.101134112,-7.270796417,0.156692485
170_949155,1,0.992783688,0.96267411,0.812366514,0.747290977,0.093836765,0.016143483,0.014084579,0.011474273,0.010548525,0.48250289,1.066619946,-30.31855394,0.00955949
274_1674021,1,0.988215477,0.937562449,0.80013047,0.595276177,0.418800017,0.280545049,0.191789214,0.201760642,0.193383844,0.428221903,1.191479875,-9.322495203,0.180676662
245_907274,1,0.959684321,0.927249442,0.920875547,0.959846663,0.905423915,0.764699983,0.21254572,0.004254909,0.001230863,0.723176387,1.053724841,-23.80614178,2.17E-16
157_906848,1,0.967117295,0.935898965,0.890481208,0.828936751,0.770004755,0.335420646,0.062051059,0.045924359,0.035553237,0.624397085,1.096448785,-17.65076288,0.024773097
53_1330991,1,0.969807777,0.938293613,0.939069523,0.909829577,0.891582322,0.786484784,0.477724335,0.082104048,0.08021014,0.762091062,1.089536492,-16.70459195,0.028217459
1014_1287706,1,0.950553846,0.501975208,0.298052911,0.220692325,0.192322189,0.164596249,0.148133362,0.135127695,0.100482446,0.198818567,1.107176466,-16.00584664,0.15857144
1054_949088,1,0.961153854,0.895322203,0.823173014,0.631088558,0.635944699,0.497546237,0.493618198,0.392098941,0.395964157,0.350804659,1.374726972,-5.10159793,0.359304931
200_1322218,1,0.999255468,0.902257834,0.821783808,0.372694689,0.256163014,0.094087151,0.089734505,0.043103625,0.010314865,0.413141574,1.038524429,-12.27961301,0.049919056
302_749711,1,0.97358651,0.998968644,0.982866083,0.93854187,0.810990393,0.58492343,0.364628571,0.355420738,0.312811481,0.603057185,1.480702251,-14.04096604,0.315064271
256_907269,1,0.955722771,0.91412849,0.826058042,0.913324591,0.784790721,0.843932799,0.585518227,0.268598997,0.241833356,0.763039767,1.452748556,-19.21850164,0.21435049
180_753561,1,0.999084532,0.832373636,0.586654365,0.185814244,0.047278702,0.020965689,0.022305606,0.025999651,0.030290289,0.345235002,1.014194206,-15.04898076,0.018455446
268_722046,1,0.972230977,0.981680512,0.909534994,0.703689597,0.261052295,0.060030476,0.01220432,0.00662094,0.004872056,0.494611059,1.020218636,-16.8707546,0.004803169
344_909260,1,0.98838514,0.976043763,0.908934954,0.730686832,0.088607495,0.006808124,0.00423586,0.00516764,0.008295884,0.479016736,1.032150349,-29.86359206,0.003801304
60_907175,1,0.973842586,0.978294474,0.951990427,0.929135051,0.917110545,0.738583662,0.289801606,0.297474722,0.334138885,0.669121816,1.53547514,-99.9995599,0.307132504
274_1479988,1,0.95205198,0.795068994,0.573599081,0.380477518,0.260512128,0.116552187,0.060253701,0.036903663,0.025365807,0.365182421,0.911775887,-6.832169111,0.010775238
219_910401,1,0.967517375,0.827687107,0.256657463,-0.03715009,-0.036655096,-0.036172697,-0.038970108,-0.036571967,-0.036595898,0.289047657,1.013104124,-25.3378664,3.95E-25
200_1327766,1,0.996748608,0.840074031,0.589666078,0.589962268,0.336281333,0.140837306,0.10719244,0.062629911,0.067180316,0.421455061,0.927844523,-6.299793007,0.016591245
276_906835,1,0.963398173,0.944389831,0.892856477,0.908221791,0.788420404,0.608719616,0.460534902,0.178139461,0.158861121,0.720922044,1.077125741,-8.229539299,0.040393397
346_905941,1,0.967271792,0.762330076,0.349568393,0.25463804,0.211340696,0.209676433,0.196409779,0.178953771,0.158633861,0.253164727,1.232270863,-19.4037,0.195445569
273_907058,1,0.962311692,0.960251539,0.915142761,0.88908388,0.818948158,0.499511675,0.241496507,0.160769791,0.134898196,0.640570047,1.207281045,-14.55218657,0.129779169
134_906869,1,0.9577222,0.778330026,0.696416424,0.483537447,0.480071474,0.343895035,0.350910605,0.264023607,0.243588669,0.288173393,1.018384942,-4.880645434,0.226826403
245_907791,1,0.950522303,0.975565475,0.95538353,0.953429968,0.90920593,0.862150361,0.234776797,0.002385561,-0.00118787,0.738219201,1.043252677,-29.54780864,3.39E-25
176_909777,1,0.951875815,0.979321616,0.936617864,0.927127923,0.74128143,0.376167796,0.08562474,0.058232109,0.049667728,0.623488237,1.073321215,-16.23628372,0.037598716
170_1240190,1,0.98286641,0.929197925,0.974423473,0.449241929,0.022115801,0.009846681,0.013949491,0.006797964,0.005211,0.440149985,1.039797833,-50.22528762,0.010953474
134_910924,1,0.959997761,0.771360425,0.78470089,0.635275285,0.286114814,0.131653805,0.111186597,0.057058145,0.072495116,0.463825763,1.113619002,-10.39164822,0.05273942
167_1331038,1,0.998601554,0.969658952,0.87520316,0.632603163,0.568931473,0.494533802,0.323963468,0.016094458,0.006546121,0.597318015,0.969492654,-6.285338387,2.48E-19
252_910944,1,0.970728278,0.944286098,0.888914223,0.681219819,0.393042843,0.057831377,0.013914094,0.010172004,0.001829812,0.511080113,1.024620226,-13.54579277,1.73E-17
1007_906864,1,0.986072363,0.928085021,0.811516927,0.269841669,0.449204381,0.217395028,0.222635692,0.137251546,0.126816892,0.361689311,1.337975906,-33.03345105,0.227276103
134_906763,1,0.97983082,0.920593273,0.822910023,0.503201816,0.013934444,0.026709663,0.009922531,0.006706517,0.048196569,0.438845823,1.053719199,-21.80748121,0.008899403
293_1240121,1,0.961051345,0.957105215,0.626436415,0.270325852,0.113839744,0.066473645,0.049162438,0.045025899,0.047392893,0.362185042,1.052512781,-15.91391916,0.053655996
274_909755,1,0.977702866,0.785814225,0.472865222,0.167523398,0.059804003,0.002950213,0.172318638,-0.00268972,-0.001758581,0.31170771,1.020509168,-13.94944644,0.037945505
276_909761,1,0.995167759,0.979491944,0.976139226,0.929788284,0.845688727,0.718592434,0.436113347,0.143020302,0.11164781,0.73889633,1.049962861,-11.04100391,0.03107831
1003_753531,1,0.958435758,0.696768579,0.865289791,0.529308683,0.281114434,0.218668784,0.156657802,0.117293081,0.096684332,0.430072463,1.159878585,-9.360904696,0.102449
276_909756,1,0.996765315,0.939348676,0.958395471,0.953382662,0.387707735,0.117710732,0.041295575,0.037142373,0.046843459,0.536106058,1.08488432,-32.2777398,0.056013651
182_753552,1,0.953642531,0.978595128,0.862331226,0.916217255,0.800695236,0.703164781,0.027736524,0.000163814,-0.003721119,0.694520876,1.086908902,-37.98538925,1.80E-14
344_910688,1,0.986083405,0.700918519,0.778269695,0.533402198,0.017230107,0.018234577,0.010791732,0.021422375,0.025956441,0.450599691,1.148368305,-26.04021309,0.008133665
170_906862,1,0.984034886,0.884022061,0.774506022,0.384213805,0.137062449,0.00466478,0.003564765,0.00433565,0.003124102,0.414885383,1.012047433,-13.93967871,8.58E-26
134_1299062,1,0.976261516,0.953051755,0.756747647,0.568783664,0.524910312,0.416801788,0.379808756,0.146036331,0.111480079,0.540368221,0.85893747,-4.03818989,1.22E-19
328_909729,1,0.954267939,0.897948767,0.715296081,0.446090921,0.352113629,0.226171337,0.182622084,0.184044164,0.204868937,0.366474961,1.210624604,-10.25405159,0.188065126
328_1240173,1,0.958039719,0.775548966,0.586525234,0.535422093,0.326885071,0.182627903,0.1854056,0.206781025,0.196303744,0.322738381,1.079475868,-6.96326374,0.164027906
245_907056,1,0.978758185,0.862047748,0.696340834,0.627971486,0.570390516,0.338782517,0.041320089,0.009881386,0.004642713,0.535872498,1.019274914,-7.201200964,5.04E-25
1053_906862,1,0.978865655,0.804546402,0.705738033,0.452642259,0.246643521,0.128608672,0.080212301,0.057322652,0.055322486,0.401327872,1.009012014,-8.443647567,0.040817525
328_908467,1,0.990376495,0.972475574,0.779192654,0.608960516,0.503831147,0.423258401,0.354108457,0.306634238,0.312594013,0.378696293,1.360007845,-8.155520638,0.311593156
133_1295740,1,0.977385426,0.859403024,0.796887924,0.722287213,0.412765222,0.162508959,0.071462313,0.028559038,0.027351761,0.521330003,1.040602877,-10.04856673,0.00365438
155_909743,1,0.987561377,0.988396494,0.885540026,0.827890685,0.687348854,0.530640485,0.458283491,0.361644131,0.343758235,0.523854442,1.421973593,-7.334421182,0.311551603
60_910706,1,0.98414497,0.914185702,0.930567812,0.962782848,0.742754489,0.283093411,0.033577254,0.049260743,0.098773194,0.607290254,1.103031522,-21.6671028,0.055390541
301_753556,1,0.985840423,0.81231818,0.76511117,0.686764871,0.55985733,0.234881731,0.222634401,0.057094865,0.026386347,0.547037552,1.004279082,-6.633703519,2.51E-22
201_909704,1,0.980728093,0.877737436,0.73817709,0.329883578,0.150504913,0.131352625,0.039926848,0.034033836,0.030330458,0.388077794,1.055252544,-13.46348539,0.049364754
136_907295,1,0.955641793,0.915297789,0.703988313,0.645368328,0.218369169,0.256588093,0.14700905,0.019504266,0.02463224,0.45974695,0.988290927,-7.64880478,0.019717313
299_907789,1,0.958762125,0.518894825,0.362273102,0.549680497,0.385919956,0.08103284,0.060064001,0.047784007,0.013184656,0.308366832,0.8,-4.685660963,3.08E-16
34_906855,1,0.989470166,0.890313425,0.675670789,0.602711085,0.463508039,0.284013284,0.134386963,0.114544636,0.11169664,0.466912274,0.952797162,-5.711002121,0.037977019
151_1298167,1,0.98306691,0.994268914,0.988283194,0.993536383,0.926650952,0.877805712,0.726121978,0.076042241,0.075060612,0.799705875,1.105998013,-40.65901097,0.06296193
157_906852,1,0.979022397,0.956680633,0.930132983,0.869262878,0.465014578,0.135102258,0.128242888,0.141058995,0.106185997,0.530201944,1.175090104,-22.56479269,0.117102521
274_1240205,1,0.989315376,0.872485968,0.80419696,0.695918773,0.512531174,0.314041787,0.098393308,0.055904059,0.032741523,0.549722031,1.007339565,-7.641770704,8.35E-22
180_907064,1,0.979139025,0.099871395,0.04781553,0.085643586,0.023324259,0.021890042,0.028608465,0.053659605,0.050157449,0.174441605,1.046448972,-59.28037936,0.044429681
219_1331049,1,0.979137429,0.665204899,0.326721161,0.026751718,0.041455973,0.060289595,0.039544817,0.050252055,0.048973539,0.263745902,1.011191751,-16.11294209,0.038741031
328_906877,1,0.983033029,0.842861403,0.471291228,0.248207072,0.221981155,0.212141921,0.224439625,0.228441663,0.212429501,0.281475929,1.27349769,-19.42608503,0.21750667
328_949153,1,0.971132589,0.961471442,0.881258309,0.468756496,0.202196342,0.054653978,0.035047114,0.019918668,0.013423361,0.44048933,1.030566372,-15.50453199,0.025873308
1149_687985,1,0.980456063,0.867280207,0.43366376,0.113064081,0.095451797,0.113911358,0.125896576,0.113067656,0.091967951,0.302455895,1.124461973,-22.50656653,0.10291593
159_908142,1,0.971017936,0.939893894,0.826207788,0.779189401,0.775784443,0.657908876,0.31050099,0.058674367,0.013705765,0.714312455,1.094573728,-12.038792,2.56E-33
163_946363,1,0.988195578,0.931189904,0.905419437,0.823824738,0.550718323,0.448218726,0.291604837,0.240775226,0.223191884,0.527277056,1.274326286,-9.237229329,0.210592974
83_971777,1,0.964487587,0.719242005,0.510036747,0.296377401,0.338079802,0.214960128,0.106613031,0.078237189,0.119347497,0.279441656,0.897640458,-6.354350031,0.097592005
1058_1659818,1,0.964651862,0.880191197,0.642381708,0.417900148,0.326175002,0.139860139,0.10963271,0.058573594,0.096951381,0.383645513,1.010514594,-8.033328953,0.068717991
159_906854,1,0.980147693,0.958123543,0.929368714,0.779430599,0.763888707,0.639895149,0.361573398,0.14377342,0.140190711,0.710625816,1.020657767,-7.505122741,4.15E-19
272_905938,1,0.97191172,0.962927898,0.71489967,0.383650516,0.010746701,0.009440922,0.008498032,0.012314566,0.005661607,0.402769818,1.007404709,-16.19487839,1.43E-18
272_905945,1,0.953447619,0.95274949,0.83937343,0.667633831,0.325738848,0.193609983,0.093028469,0.100060771,0.06347347,0.478588559,1.102542788,-11.94169353,0.07619288
273_909249,1,0.956710011,0.958340186,0.812932826,0.598346247,0.405187608,0.267437031,0.171380244,0.16045336,0.131352385,0.451350691,1.139585153,-9.216991511,0.134368204
135_906763,1,0.950133798,0.759873447,0.274351779,0.088561547,0.009217235,0.059283254,0.038010022,0.01139623,0.010892229,0.277604138,1.029844244,-19.00839573,0.027603156
167_753531,1,0.958125962,0.925443706,0.881411682,0.800039669,0.51623036,0.505944938,0.457284474,0.055010533,0.055814488,0.642058245,0.997939881,-6.17010335,8.12E-18
273_906855,1,0.985892629,0.97588627,0.884375251,0.796242898,0.510599252,0.179316422,0.153130898,0.115428511,0.102597916,0.527834198,1.141200017,-14.10779168,0.102900976
300_906831,1,0.982068404,0.930312751,0.830562878,0.814048687,0.784711429,0.607970429,0.043827423,0.032236329,0.001933946,0.686000406,1.117396423,-27.02134353,0.001670586
133_1240196,1,0.974461508,0.908649476,0.872818102,0.491603271,0.23991321,0.121724631,0.084148965,0.03660933,0.021303253,0.442504477,1.061982399,-13.23832525,0.049124543
133_910688,1,0.975350841,0.948982059,0.841306655,0.615050027,0.27603799,0.058704547,0.026785979,0.031361699,0.013332193,0.476221497,1.02448418,-13.1347845,0.009886765
272_1290809,1,0.963840481,0.932583899,0.941311707,0.896313809,0.774523126,0.442685998,0.234186087,0.067858702,0.02663912,0.656977433,1.044224409,-11.56455903,0.011352084
328_684057,1,0.951489713,0.723090732,0.583497155,0.31790054,0.209035151,0.154525199,0.168559127,0.157494561,0.167632041,0.293994404,1.118500428,-9.815415463,0.15069642
56_1303896,1,0.965037215,0.873978297,0.538672756,0.267684528,0.104350024,0.058978827,0.061131178,0.063283529,0.060923177,0.337560279,1.04782781,-13.48502462,0.058500448
272_906868,1,0.957377942,0.976084738,0.871893261,0.601519469,0.462155443,0.155932977,0.027043875,0.008114379,0.003762701,0.512340775,1.000817859,-10.08203472,1.73E-18
302_924151,1,0.952365514,0.817633978,0.663133729,0.493272984,0.365378088,0.317110048,0.235177654,0.256426827,0.216867944,0.320704583,1.176261406,-7.287783764,0.2219087
274_1503368,1,0.990314781,0.926335025,0.758369064,0.43184606,0.170804205,0.078993811,0.080309754,0.055280132,0.057397213,0.407284059,1.059478294,-13.50432975,0.058066736
268_946373,1,0.960442805,0.661106869,0.296044917,0.032355917,-0.005344176,-0.004205941,-0.005767473,-0.006495744,-0.010358745,0.268183606,0.974816921,-15.45491279,1.13E-27
190_907043,1,0.98506515,0.647881341,0.161014978,0.049265424,0.052492785,0.084725119,0.076389226,0.055942394,0.040427884,0.240677367,1.050607796,-24.32816082,0.059523017
88_1295740,1,0.954485748,0.985240372,0.778594973,0.649921062,0.262848885,0.041041037,0.017310584,0.03011219,0.006615169,0.479006908,1.020826742,-13.05545341,4.45E-12
1012_1327765,1,0.977680203,0.985823317,0.814008136,0.625579501,0.375710156,0.166492674,0.057653822,0.037954534,0.041292934,0.489403654,1.007506482,-9.872439266,0.020664514
1022_905939,1,0.962297975,0.995248332,0.926567949,0.9466602,0.738808762,0.435126513,0.309927768,0.227321792,0.222755973,0.588040628,1.328816076,-14.95791805,0.227741155
1026_687590,1,0.978602065,0.835835372,0.669315444,0.574462032,0.570200237,0.445970071,0.358112155,0.351937112,0.303585117,0.283114152,0.954211391,-3.851126814,0.251444086
170_1331048,1,0.965063102,0.966701839,0.877016343,0.279981772,0.257140667,0.248756466,0.130070835,0.005188961,0.002073724,0.391546913,1.165896718,-29.01265731,0.124297117
152_925345,1,0.952828167,0.938944689,0.745136625,0.675760256,0.474645818,0.232013125,0.138999292,0.102608719,0.053975524,0.512706552,1.016280211,-7.410125805,0.026730671
219_684059,1,0.986533884,0.822217832,0.804988199,0.415768704,0.121737704,0.071362677,0.052520566,0.060500842,0.051706861,0.412577963,1.095564121,-15.68224573,0.049366161
219_905986,1,0.975809758,0.937676566,0.770245325,0.425937849,0.325289982,0.235208534,0.219316933,0.245035256,0.268295315,0.363966978,1.337561131,-16.23008135,0.245908085
133_910566,1,0.950356699,0.938888963,0.949715772,0.805726112,0.643599825,0.272583873,0.067434305,0.035298682,0.011523513,0.595133593,1.038766993,-12.98086849,0.001357474
1014_687794,1,0.959423822,0.848801659,0.799832136,0.625847295,0.511566998,0.36427357,0.365901611,0.286009884,0.283924245,0.392806186,1.295258728,-6.633748471,0.263575541
229_905958,1,0.978434555,0.894771743,0.868954576,0.803593989,0.662196654,0.127957442,0.044900004,0.038521177,0.044271409,0.582409746,1.128114624,-23.25310488,0.033060361
328_906818,1,0.983555927,0.979841964,0.988895579,0.96094679,0.590837533,0.280626444,0.253199999,0.27599395,0.323644671,0.538456649,1.417173884,-35.13762529,0.280793262
274_909779,1,0.987497609,0.807059066,0.160219152,0.03059261,0.023720325,0.019016564,0.018915855,0.016041274,0.014021623,0.270665556,1.020528618,-28.67707202,0.019110496
170_1290725,1,0.976346245,0.720780831,0.601431143,0.183337311,0.00038991,0.014484651,0.016403241,0.010551332,0.000193453,0.340436399,1.004466988,-12.81931662,1.98E-21
1059_724825,1,0.997081546,0.824843747,0.680326828,0.398194996,0.227818403,0.155198898,0.060491746,0.044343297,0.038212523,0.387446308,0.980674043,-8.458170678,0.036080367
276_907286,1,0.965191438,0.98929385,0.687117084,0.569060984,0.43064134,0.230177744,0.09018813,0.034597712,0.011686068,0.48233726,0.948958959,-6.973041266,2.46E-16
170_909263,1,0.991785056,0.842267174,0.915943577,0.972331284,0.987756836,0.475295406,0.05120933,0.012215871,0.011840297,0.665339376,1.07921527,-99.99999993,0.02508356
300_906856,1,0.992510724,0.777676256,0.780556802,0.615733646,0.503268518,0.182874544,0.084376539,0.038185313,0.019853598,0.511124431,1.014797217,-7.579649663,6.13E-24
274_909712,1,0.954412049,0.965807498,0.842078275,0.546411159,0.267449896,0.06937501,0.025581414,0.014461831,0.01029676,0.464003521,1.013973754,-12.47155632,0.007382405
245_905952,1,0.960328088,0.949373869,0.939359407,0.892391752,0.676965506,0.124103193,0.00543441,0.006619195,0.006913229,0.588429935,1.04755392,-24.07867953,0.000956909
87_910780,1,0.996086693,0.98888789,0.989219042,0.941764514,0.363015332,0.082696632,0.051301118,0.038627009,0.03218647,0.531545483,1.053909967,-30.40757429,0.046518212
167_949173,1,0.951165616,0.948733255,0.929806937,0.869754252,0.712042389,0.769239791,0.688546723,0.01079521,0.009929227,0.802778677,1.132212935,-44.80262207,0.000277334
1022_1331036,1,0.970630075,0.775197444,0.581341226,0.223530606,0.112340757,0.074206962,0.100852201,0.081886153,0.085892872,0.325455919,1.076983661,-12.95562465,0.077016263
1058_749715,1,0.987607028,0.826389795,0.841356492,0.620823562,0.305766947,0.255813474,0.166488679,0.126630371,0.158546672,0.442553709,1.197452578,-10.9761677,0.142092001
302_749714,1,0.974547899,0.841385102,0.768358513,0.621883341,0.545959471,0.464734838,0.438045845,0.401785748,0.371356743,0.298513627,1.365158847,-5.707593094,0.364922541
173_907280,1,0.950327835,0.928017651,0.950477802,0.8412703,0.904665275,0.490330261,0.173700764,0.125394853,0.12664306,0.651190949,1.235933471,-26.00621169,0.12865652
235_907050,1,0.962735069,0.943732942,0.895669424,0.556650076,0.336158764,0.144512575,0.031925993,0.025861795,0.007958529,0.481735354,1.008677718,-10.9700552,0.010349532
104_688023,1,0.955231115,0.983024985,0.979627878,0.960286458,0.940142212,0.851915605,0.051390438,-0.005091278,-0.009122931,0.711178926,1.030948563,-43.59081272,5.26E-24
180_713880,1,0.965228342,0.627293076,0.114665962,0.038438444,0.015185141,0.013057281,0.011063599,0.057952407,0.0450199,0.239696691,1.028091332,-25.17941227,0.029018908
1066_909703,1,0.955401259,0.971460177,0.847479342,0.773119438,0.66055548,0.537671281,0.440093317,0.362561564,0.314329301,0.527187689,1.285157322,-5.62483335,0.251207533
136_907287,1,0.999961827,0.957929414,0.964534613,0.922598248,0.852539301,0.782199595,0.243873409,0.100943009,0.059743019,0.716524189,1.123056966,-22.83516664,0.065633829
180_910947,1,0.985015244,0.900797315,0.511133184,0.302399795,0.315266576,0.286494783,0.102800008,0.142235551,0.141119852,0.303897034,1.179074612,-13.78443622,0.184933673
1003_909725,1,0.991770793,0.637709925,0.869858703,0.580936113,0.280756345,0.365725377,0.210738796,0.241059984,0.21871989,0.380249151,1.245966107,-7.682707813,0.202347882
235_907043,1,0.996814618,0.954172302,0.936148197,0.936684629,0.999011586,0.379724426,0.147119642,0.125265255,0.124495035,0.656199306,1.193052843,-100,0.132290615
134_924104,1,0.984438388,0.906998687,0.774452932,0.584282269,0.338655863,0.326875718,0.20227719,0.197056444,0.15590243,0.412150835,1.169167407,-8.713531416,0.172394056
151_910903,1,0.975735201,0.975810451,0.794629624,0.889852011,0.625779709,0.409562657,0.261654752,0.317860773,0.27622691,0.532708672,1.45401324,-13.18719034,0.271069805
275_907272,1,0.956915886,0.851071827,0.74438175,0.53361995,0.330062211,0.229641272,0.138649853,0.085393718,0.088250105,0.430858961,1.036333623,-7.476857003,0.067483753
331_906836,1,0.965550849,0.926863757,0.861138551,0.597416719,0.295570738,0.158529298,0.074653051,0.049900322,0.019831433,0.472554764,1.048788037,-11.48215284,0.038132017
1031_1503369,1,0.957689242,0.848744631,0.964565299,0.949324673,0.503490826,0.14423923,0.115654024,0.0859994,0.046948366,0.549191827,1.165741359,-31.38847454,0.091094353
303_908136,1,0.955758315,0.767073594,0.643466088,0.444947807,0.277845471,0.20621978,0.16548938,0.133427265,0.120756446,0.343784645,1.031856355,-7.100409397,0.113486891
302_910687,1,0.958992851,0.899122293,0.736257906,0.611395989,0.407293834,0.296005899,0.243766246,0.23487444,0.274431397,0.390705803,1.289984568,-8.951851535,0.234209758
273_753531,1,0.963242953,0.94540821,0.896846858,0.681773392,0.554623703,0.38001329,0.133212126,0.029785688,0.008644792,0.575724549,1.004707746,-8.140768327,1.22E-18
200_906832,1,0.979170869,0.921187256,0.619113501,0.245988419,0.038116354,0.020404579,0.102025341,0.019653416,0.012839796,0.359872403,1.033134824,-16.59783164,0.03218605
41_1330947,1,0.979739375,0.990719771,0.979753426,0.980520578,0.85991607,0.153642687,0.064384644,0.064550439,0.062933237,0.603662323,1.083017929,-36.51517806,0.063346214
53_924239,1,0.965704631,0.982231227,0.911210715,0.862583262,0.838537732,0.694857412,0.228122692,0.004848959,0.005848347,0.713165789,1.064844398,-18.17272708,7.72E-21
170_907059,1,0.956157498,0.964256979,0.993126964,0.891306239,0.520244737,0.101158947,0.055203399,0.053282427,0.070095545,0.551434615,1.084395093,-23.34352313,0.053835963
274_1240202,1,0.992886213,0.884192952,0.735643598,0.621903254,0.478713323,0.385126201,0.377711142,0.350131965,0.367606081,0.331147586,1.444833325,-8.270974036,0.349028913
305_910706,1,0.971719817,0.962512537,0.935157342,0.828848606,0.631166792,0.232542586,0.038894437,0.013799455,0.008820903,0.587884016,1.030619028,-14.43158567,1.94E-17
1004_753578,1,0.977700681,0.693579417,0.847228036,0.691393509,0.502650035,0.340779192,0.419418407,0.292181174,0.280182075,0.399007285,1.193081745,-5.06543577,0.229651362
163_1240179,1,0.997141846,0.98525364,0.833020039,0.872850674,0.66486167,0.552517973,0.372778664,0.244290279,0.231054474,0.612116569,1.15057751,-6.748981674,0.142137875
272_909708,1,0.974975317,0.979007475,0.951586988,0.973829586,0.721344882,0.382022592,0.217320616,0.052972219,0.02076142,0.631476666,1.03614239,-12.66810124,0.028481182
133_907277,1,0.959442109,0.94853899,0.600785243,0.351124941,0.109400476,0.050425302,0.036613761,0.035519641,0.030751907,0.373395067,1.016118161,-12.70835886,0.03095399
249_1503367,1,0.997270099,0.806070331,0.274791372,0.134376983,0.13686632,0.186982729,0.152320152,0.150134746,0.122850128,0.261702657,1.164981135,-26.82119977,0.146402376
87_907175,1,0.996504019,0.951223468,0.89449848,0.866202103,0.519645976,0.277258742,0.270012302,0.286546879,0.332040768,0.506239494,1.473841729,-22.1581937,0.285755764
136_907057,1,0.962778324,0.937141566,0.763598008,0.44152909,0.349473941,0.166001901,0.257403032,0.060657557,0.040142635,0.414620928,1.048288051,-8.579269086,0.088283624
328_684062,1,0.967155197,0.90978029,0.960368679,0.693909143,0.416737554,0.26523298,0.308236437,0.284993723,0.275163252,0.451200265,1.452600654,-18.96870532,0.281951907
265_909252,1,0.966956423,0.996467246,0.886223635,0.858726838,0.737676201,0.262495691,0.067919439,0.023670632,0.007105336,0.611005596,1.054481266,-17.23996262,0.009211959
200_688010,1,0.977221309,0.916481421,0.840553716,0.448842765,0.123005613,0.026551371,0.062293033,0.070433102,0.042007717,0.424750174,1.078354752,-18.41597968,0.046478499
9_753531,1,0.960571939,0.996902861,0.865716361,0.988902654,0.924860752,0.982834086,0.735886033,0.030801352,0.00406424,0.803440552,1.048166162,-44.26933206,0.006162999
1006_1298167,1,0.993251436,0.840394586,0.779363528,0.921349814,0.897329695,0.819980036,0.444371586,0.340671793,0.356375294,0.704945322,1.787835019,-29.4367053,0.346606792
346_906839,1,0.967939644,0.382026423,0.219774894,0.101312898,0.054929237,0.030888592,0.017717671,0.014622157,-0.001647004,0.200766091,0.97316988,-17.92106251,0.042685747
1058_949179,1,0.967938951,0.901561986,0.719833765,0.768615782,0.656942229,0.474388971,0.4854081,0.356587077,0.307854002,0.611805524,0.839697458,-2.736805972,0.035485341
1003_1479988,1,0.989340211,0.819567533,0.734610615,0.530608966,0.185568329,0.090415268,0.090887981,0.087434554,0.050106691,0.418459815,1.069779225,-10.80480827,0.053487354
180_687804,1,0.964757614,0.800326138,0.493631148,0.190829266,0.14416019,0.173818957,0.165211313,0.165919699,0.149819742,0.291790849,1.184880933,-16.67652256,0.153198222
1060_907050,1,0.974348006,0.864092163,0.871017676,0.75758308,0.786098061,0.551495638,0.592246215,0.362333756,0.33729977,0.781675893,0.946506197,-3.426424234,1.23E-14
170_910934,1,0.953043982,0.893170853,0.508721959,0.05644922,0.013989314,0.010951314,0.0152223,0.012905344,0.006214051,0.333435697,1.036667686,-23.7445785,0.008014754
200_906869,1,0.97800121,0.879883886,0.655579745,0.494166532,0.397541852,0.064311049,0.048930327,0.063218174,0.028864001,0.436091245,0.950157261,-7.363648788,5.46E-22
53_905958,1,0.999821115,0.984255362,0.989771274,0.984352133,0.988878131,0.91985706,0.372796701,0.06019826,0.04687885,0.753658316,1.053881561,-28.36109253,0.04273402
140_688121,1,0.98957301,0.965711643,0.773188218,0.556629706,0.358690057,0.171977888,0.296053669,0.201931317,0.195439464,0.399219357,1.24451073,-11.98416282,0.208671116
346_906793,1,0.975331612,0.615656933,0.153576654,0.012396491,0.025080173,0.024886743,0.031628733,0.026020744,0.0653313,0.239934748,1.016305584,-22.23287039,0.030482611
140_910931,1,0.965670372,0.969630912,0.971814978,0.986295944,0.88807454,0.586342878,0.30330266,0.208984119,0.165625814,0.65852081,1.240722947,-16.69130193,0.17727957
170_906877,1,0.965049141,0.893603406,0.363845043,0.02899954,0.011937403,0.007391401,0.004361209,0.009245485,0.006672034,0.310620026,1.021198539,-25.59763175,0.006065378
346_905986,1,0.967428342,0.970522595,0.691629721,0.468123004,0.116185164,0.063550181,0.038374655,0.031560436,0.021895386,0.411841324,1.017015861,-12.74125307,0.021991642
182_1240134,1,0.992783674,0.847035206,0.605815507,0.27277074,0.345931501,0.207608969,0.05696728,0.057537364,0.044832214,0.352242949,0.9345779,-7.270635344,0.053165044
159_910703,1,0.983847523,0.925932455,0.813645066,0.599079428,0.428420299,0.314944148,0.242714505,0.161382005,0.115806521,0.459060033,1.0763146,-7.135673283,0.118706314
9_907272,1,0.981678252,0.981939502,0.982290324,0.979390443,0.947443236,0.907811531,0.526173027,0.05634754,0.01927609,0.781727132,1.024220786,-23.99326733,0.001586459
157_910919,1,0.982012196,0.910045028,0.972741831,0.862394572,0.73091902,0.023706121,0.011968641,0.010301748,0.010305901,0.58140146,1.066290111,-43.87867053,0.008363372
252_1330972,1,0.997198977,0.926619666,0.895345792,0.976871347,0.906356807,0.910369998,0.235376639,0.122634209,0.094953812,0.732845635,1.186531188,-42.08660489,0.107884596
200_687985,1,0.998975502,0.999782107,0.711218489,0.305761644,0.875993757,0.036198218,0.033133719,0.02496872,0.014391402,0.485730428,0.942166068,-6.84534817,1.37E-20
83_910700,1,0.995899085,0.716714739,0.620367239,0.659728934,0.532796333,0.474046344,0.946453172,0.323665166,0.365061435,0.001523097,0.8,-3.760330465,0.462396359
135_906813,1,0.959208028,0.905130103,0.690594023,0.436017087,0.18928912,0.087437328,0.039031727,0.048295153,0.05334903,0.4029774,1.034316666,-11.01601036,0.03878188
140_924104,1,0.997781206,0.905621787,0.811443461,0.457121176,0.35698448,0.200572456,0.234361147,0.232224766,0.189557256,0.383585237,1.265624246,-13.15447489,0.213442893
273_1240157,1,0.965481649,0.965257318,0.950233399,0.909585941,0.789421076,0.214069176,0.054903502,0.016429247,0.002073646,0.61175923,1.056764203,-24.35153549,0.016541114
173_1331040,1,0.978006614,0.883889783,0.873178503,0.800514844,0.689032463,0.59503325,0.776229176,0.156719885,0.121705214,0.78110064,1.075927831,-7.039297995,5.32E-34
328_908141,1,0.963032337,0.537432626,0.089508284,0.00802451,0.004521866,0.00620132,0.007071307,0.00464669,0.00514977,0.227951514,0.99343759,-23.72416631,0.005851835
1057_910401,1,0.954732655,0.881219123,0.681233106,0.426287964,0.20862903,0.055074917,0.029857013,0.019311601,0.018137012,0.409591837,0.994678353,-9.926447626,0.006346317
201_909785,1,0.971727157,0.937490253,0.844793558,0.727483721,0.543274655,0.486895718,0.417424427,0.317558505,0.334744761,0.436319155,1.399777044,-7.073346218,0.310922175
346_949090,1,0.950033275,0.854084404,0.815027,0.344394696,0.214391642,0.215487778,0.15568449,0.140096497,0.119303541,0.384994367,1.272785562,-21.90066223,0.161591335
87_909976,1,0.965220538,0.966570773,0.84244154,0.641268314,0.298693262,0.261879211,0.271975743,0.269658176,0.273517429,0.422301499,1.399465455,-18.00119413,0.259805355
136_687568,1,0.958669946,0.868029007,0.536848954,0.718067752,0.23189496,0.215587161,0.127161411,0.071837341,0.103131989,0.419299518,0.985865489,-6.583042789,0.047698329
306_910935,1,0.96184326,0.827490931,0.695534949,0.468698754,0.261520181,0.049478591,0.029312489,0.0147586,0.008232204,0.422799078,0.990441455,-8.938721885,1.75E-20
